藝人中文名,維基條目網址,簡介,狀態
草東沒有派對,https://zh.wikipedia.org/wiki/%E8%8D%89%E6%9D%B1%E6%B2%92%E6%9C%89%E6%B4%BE%E5%B0%8D,"草東沒有派對 是一支臺灣的獨立搖滾樂團。現由巫堵（主唱和吉他）、筑筑（吉他）、鳥人（鼓手）及Dennis（貝斯）四人組成。2016年首張專輯《醜奴兒》和2023年第二張專輯《瓦合》皆獲得金曲獎最佳樂團獎，《瓦合》更奪下第35屆金曲獎年度專輯獎。
",已取得
大象體操,https://zh.wikipedia.org/wiki/%E5%A4%A7%E8%B1%A1%E9%AB%94%E6%93%8D,"大象體操 來自台灣高雄，2012年2月成立，以貝斯、鼓、吉他為主要編制的數學搖滾樂團。現任團員包含張凱婷（貝斯手）、涂嘉欽（鼓手）、張凱翔（吉他手）。官方定義團名中的「大象」象徵BASS，「體操」則表示曲中的特殊節奏，但團名起初是隨意拼湊的，沒有特別意義。
",已取得
蘇珮卿,,,無條目
楊乃文,https://zh.wikipedia.org/wiki/%E6%A5%8A%E4%B9%83%E6%96%87,"楊乃文（1974年3月2日—），臺灣女歌手。曾榮獲第11屆金曲獎最佳國語女演唱人獎。出道前擔任過模特兒，之後亦曾參與過舞台劇演出。
",已取得
滅火器,,,待確認
告五人,https://zh.wikipedia.org/wiki/%E5%91%8A%E4%BA%94%E4%BA%BA,"告五人，台灣樂團，其2011年成立於宜蘭縣，2017年改組為三人團體發行首張EP，目前團員為男主唱兼吉他手潘雲安、女主唱犬青及鼓手兼團長林哲謙。在2024年以〈又到天黑〉榮獲第35屆金曲獎年度歌曲獎。
",已取得
MC HotDog熱狗,,,無條目
張惠妹,https://zh.wikipedia.org/wiki/%E5%BC%B5%E6%83%A0%E5%A6%B9,"古歷來·阿密特，漢名張惠妹，暱稱阿妹，臺灣女歌手和音樂製作人，出身自臺東縣卑南鄉大巴六九部落（卑南族）。1992年參加《五燈獎》衛冕4度5關為人所知，1993年再度參賽成為5度5關的五燈之星。1996年以首張個人專輯《姊妹》正式出道，在華語流行樂壇有極崇高的影響力與地位，被視為「華語流行樂壇天后」，有「妹神」之尊稱。
",已取得
許鈞,https://zh.wikipedia.org/wiki/%E8%AE%B8%E9%92%A7,,待確認
傻子與白痴,,,待確認
裘德,https://zh.wikipedia.org/wiki/%E8%A3%98%E5%BE%B7,"裘德（1994年8月9日—），本名趙熙南，中國男歌手、音樂製作人，貴州貴陽人，現居北京，就讀高中時開始寫歌，大學畢業後前往北京製作音樂，成為網易簽約的獨立音樂人，曲風融合爵士、R&B、音樂劇色彩。2019年發行專輯《頒獎的時候我要缺席》，2020年憑此專輯入圍台灣第31屆金曲獎最佳國語男歌手獎。2021年1月，獲得第二屆「劉歡原創音樂專項公益金」資助，同年12月發行專輯《最後的水族館》，並於2022年第33屆金曲獎再次入圍最佳華語男歌手獎。2024年第35屆金曲獎憑藉同名專輯《裘德》第三度入圍最佳華語男歌手，專輯共入圍年度專輯、最佳華語專輯等六項大獎。2026年第37屆金曲獎以《離開銀色荒原》第四度入圍最佳華語男歌手，專輯共入圍年度專輯、最佳華語專輯、最佳專輯製作人等七項大獎。目前是中國大陸金曲歌王入圍次數紀錄保持人。
",已取得
鄭平,https://zh.wikipedia.org/wiki/%E9%83%91%E5%B9%B3,,待確認
青虫aoi,,,無條目
巴奈Panai,,,無條目
熊美玲,https://zh.wikipedia.org/wiki/%E7%86%8A%E7%BE%8E%E7%8E%B2,"熊美玲 （1959年—），台灣女作曲家、歌手，1981年正式發表第一首作品《玻璃魚》，1991年以由黃鶯鶯所演唱的《哭砂》國語歌曲獲得第3屆金曲獎『最佳作曲人獎』。2023年發行台語專輯《一路平安》，2024年憑藉該專入圍第35屆金曲獎四項大獎，同年在第2屆浪潮音樂大賞中榮獲『最佳閩南語專輯獎』。
",已取得
許富凱,https://zh.wikipedia.org/wiki/%E8%A8%B1%E5%AF%8C%E5%87%B1,"許富凱（1987年9月17日—），出生於高雄市旗山區的台語流行音樂歌手。
",已取得
林鈺婷,https://zh.wikipedia.org/wiki/%E6%9E%97%E9%88%BA%E5%A9%B7,"林鈺婷，台灣新竹竹東客家人，山狗大後生樂團團長及主唱，也是電視廣播主持人及配音員等。曾於2015年以個人詞曲創作及演唱，獲得客委會舉辦的潮客樂音樂大賽「舞臺演繹獎」。
",已取得
葉穎,https://zh.wikipedia.org/wiki/%E8%91%89%E7%A9%8E,"葉穎，（Leaf Yeh)，台灣創作歌手。作品以流行音樂、世界音樂、獨立電子見長。於2018年時以「Leaf葉子」推出了個人EP《光合》，更於《生滅》這張專輯之中加入台灣音樂較少有蹤跡的世界音樂元素混入許多風格和樂器，例如：澳洲木管、西塔琴、手碟等。
",已取得
邱淑蟬,,,無條目
柔米,,,待確認
彭柏邑,https://zh.wikipedia.org/wiki/%E5%BD%AD%E6%9F%8F%E9%82%91,"彭柏邑，臺灣客家男歌手、詞曲創作者、音樂製作人。自小學古典鋼琴、管樂，高中自學吉他，18歲考取街頭藝人證照，19歲開始寫歌。自學嘻哈創作及編曲，擔任嘻哈廠牌「逆流音樂」製作人，亦擅長EDM電子舞曲，並將多元風格融入客家創作。2020年加入張三李四，入圍第32屆金曲獎最佳演唱組合獎；2021及2022年發行兩張個人客語專輯，皆入圍金曲獎最佳客語專輯獎及年度專輯獎。因觀看偶像選秀節目《菱格世代DD52》對舞曲產生興趣，而毛遂自薦加入《原子少年》擔任音樂製作人，並音樂指導《未來少女》女團「幽靈水晶」。
",已取得
AZ李孝祖,,,無條目
邱立婷,https://zh.wikipedia.org/wiki/%E9%82%B1%E7%AB%8B%E5%A9%B7,"邱立婷，台灣爵士鋼琴家、作曲家與音樂教育者，畢業於比利時布魯塞爾皇家音樂學院爵士鋼琴碩士，曾旅歐五年，其創作融合爵士樂、台灣文化及原住民族音樂元素，曾以專輯《交織的平行》入圍第33屆金曲獎「演奏類最佳作曲人獎」、「最佳演奏錄音專輯獎」、第13屆金音創作獎「最佳爵士歌曲」。並以專輯《給幸福的一封信》入圍第35屆金曲獎「年度專輯獎」與「最佳原住民語專輯獎」。
",已取得
薩巴太魯閣兒童合唱團,,,無條目
舞炯恩加以法利得,,,無條目
歐開合唱團,https://zh.wikipedia.org/wiki/%E6%AD%90%E9%96%8B%E5%90%88%E5%94%B1%E5%9C%98,"歐開合唱團是一個由台灣原住民組成的阿卡佩拉合唱團，團長為賴家慶，以無伴奏合唱的方式演唱，成立於2004年，曾在臺灣、香港、中國大陸、荷蘭、奧地利、義大利、美國、加拿大、日本、韓國、新加坡等地演出，9年內演出場次超過700場。2012年底第一張專輯《O-Kai A Cappella》獲得2013年第24屆金曲獎的六項提名，獲得其中的最佳演唱組合獎、最佳原住民語專輯獎及評審團獎。2014年與五月天、亂彈阿翔、白安、家家、嚴爵、MP魔幻力量等藝人共同演唱世界盃足球賽歌曲中文群星版本〈由我們主宰〉。
",已取得
Makav真愛,,,無條目
阿洛·卡力亭·巴奇辣,https://zh.wikipedia.org/wiki/%E9%98%BF%E6%B4%9B%C2%B7%E5%8D%A1%E5%8A%9B%E4%BA%AD%C2%B7%E5%B7%B4%E5%A5%87%E8%BE%A3,"阿洛·卡力亭·巴奇辣，來自花蓮馬太鞍部落的阿美族，為音樂創作人、歌手與節目製作人。阿洛這個名字，呼應了阿美族神話中的「唱歌，是為了討神喜悅」。 
",已取得
林俊傑,https://zh.wikipedia.org/wiki/%E6%9E%97%E4%BF%8A%E6%9D%B0,"林俊傑，新加坡華裔歌手、詞曲作家、音樂製作人，被譽為「行走的CD」，出道至今已舉辦逾兩百場世界巡迴演唱會。曾拿下金曲獎最佳新人獎以及兩屆金曲獎最佳男歌手。2003年，發行首張創作專輯《樂行者》，之後憑藉2004年的專輯《第二天堂》中〈江南〉一曲成名，隨後的〈小酒窩〉、〈曹操〉、〈她說〉等歌曲亦造成迴響。2014年，以專輯《因你而在》獲得第25屆金曲獎最佳國語男歌手獎。2016年，再以專輯《和自己對話》奪得第27屆金曲獎最佳國語男歌手獎及演唱類最佳作曲人獎。
",已取得
Marz23,https://zh.wikipedia.org/wiki/%E6%9E%97%E5%BF%97%E8%9E%8D,"林志融（1991年9月23日—），藝名Marz23、阿夜，臺灣創作男歌手、詞曲作家。2009年以阿夜為名擔任TRASH樂團的主唱兼吉他手，為樂團的創團者之一。個人創作則以Marz23為名進行發表。〈我不是饒舌歌手〉為其代表作。2024年5月，於「Hito流行音樂獎」拿下「hito最具爆發力歌手」獎項，作品〈情勒〉一曲獲選「2023 hito年度十大華語歌曲」。
",已取得
孫盛希,https://zh.wikipedia.org/wiki/%E5%AD%AB%E7%9B%9B%E5%B8%8C,"孫盛希，暱稱希希，台灣創作女歌手及音樂製作人，是第三代韓國華僑。
",已取得
9m88,https://zh.wikipedia.org/wiki/9m88,"湯毓綺（1990年11月20日—），藝名9m88，臺灣創作女歌手和演員。2016年11月與Leo王合唱單曲《陪妳過假日》，2017年初在網路發布的個人單曲《九頭身日奈》，開始在社群媒體上為人熟知。2019年8月8日，正式推出首張個人創作專輯《平庸之上 Beyond Mediocrity》，並於2020年以此專輯獲得第11屆金音創作獎最佳新人獎。
",已取得
蘇運瑩,https://zh.wikipedia.org/wiki/%E8%98%87%E9%81%8B%E7%91%A9,"蘇運瑩（1991年4月8日—），生於海南三亞，中國大陸創作女歌手。2015年憑藉原創歌曲〈野子〉獲得廣大知名度，並以第二季《中國好歌曲》全國總決賽亞軍之姿出道。同年12月26日，推出首張個人原創專輯《冥明》。2016年，以首位踢館歌手身分參加第四季《我是歌手》第三期踢館賽。她也於同年憑藉《冥明》入圍台灣金曲獎最佳新人和最佳國語女歌手獎。
",已取得
袁婭維,https://zh.wikipedia.org/wiki/%E8%A2%81%E5%A8%85%E7%BB%B4,"袁婭維（1984年12月12日—），本名袁娟，中國女歌手，樂隊Tha KnutZ的女主唱，出生於湖南省懷化市，2004年開始踏入演藝圈，為張靚穎、馬天宇等歌手做幕後和音編唱，曾參與北京奧運會主題曲《我和你》R&B版本的錄製。2012年參加《中國好聲音》獲得劉歡組4強全國16強後，正式轉到幕前成為歌手出道，備受關注和歡迎。2014年11月發行首張專輯《T.I.A.》，並憑藉該專輯獲得第十屆勁歌王金曲金榜「傑出青年歌手獎」和「最佳舞台演繹獎」。同時獲第16屆華語音樂傳媒大獎「評審團推薦獎」提名。
",已取得
翁立友,https://zh.wikipedia.org/wiki/%E7%BF%81%E7%AB%8B%E5%8F%8B,"翁立友（1975年5月9日—），本名翁攀斐，台灣台語流行歌手，曾獲得第20屆金曲獎最佳台語男歌手獎。
",已取得
林俊逸,https://zh.wikipedia.org/wiki/%E6%9E%97%E4%BF%8A%E9%80%B8,"林俊逸，台灣歌手，出生於高雄市，文藻外國語文專科學校五專部法國語文科（副修英文）畢業。他是台視《五燈獎》〈小朋友歌唱比賽〉第一位五度五關得主，在過關後的1991年至1993年間陸續發行五張個人專輯，並以首張專輯《用愛擁抱世界》入圍第4屆金曲獎最佳新人獎。
",已取得
蘇明淵,https://zh.wikipedia.org/wiki/%E8%98%87%E6%98%8E%E6%B7%B5,"蘇明淵（1970年4月16日—），曾用藝名蘇兒真，是台灣高雄市出身的律師與創作歌手。輔仁大學法律學系畢業、國立臺灣大學國家發展研究所碩士班。1990年代於歌壇闖蕩後，於1998年折返法律行業並且律師高考合格，現今為執業律師，於桃園市中壢區經營律師事務所。2020年以專輯《善良的歹人》獲頒第31屆金曲獎最佳台語男歌手獎；2024年以專輯《心內烏空》獲頒第35屆金曲獎最佳台語男歌手獎。2024年擔任春河劇團《第三者》音樂劇音樂總監。2026年擔任第23屆臺灣原創流行音樂大獎評審總召。
",已取得
江惠儀,https://zh.wikipedia.org/wiki/%E6%B1%9F%E6%83%A0%E5%84%80,"江惠儀（1984年1月11日—），臺中市人，臺灣工程師與歌手，國立交通大學資管所博士，現職中華電信工程師。參與三立歌唱選秀節目《超級紅人榜》並於2011年6月5日成功衛冕二十關。至今5次入圍金曲獎最佳台語女歌手，3次入圍金曲獎最佳台語專輯。2019年6月29日以專輯《露螺》獲得第30屆金曲獎最佳台語女歌手，同年獲頒台中市傑出人士榮譽獎章、獲台灣民眾黨選入2020年立委選舉的全國不分區立法委員名單內（2020年9月退黨），2020年獲頒國立交通大學畢業生傑出貢獻獎，2021年獲頒第25屆十大傑出女青年，並獲國立暨南國際大學109學年度傑出校友。2022年第33屆金曲獎以專輯《空》再度獲得最佳台語女歌手。
",已取得
黃妃,https://zh.wikipedia.org/wiki/%E9%BB%83%E5%A6%83,"黃妃（1974年7月13日—），本名黃子倩（改名前為黃麗華），臺灣高雄人，為臺語女歌手。於2000年正式出道，發行首張個人專輯即獲得金曲獎「最佳方言女演唱人獎」（今最佳台語女歌手獎）提名，而專輯中的主打歌〈追追追〉更成為華人樂壇中傳唱度極高的經典歌曲。
",已取得
蔡家蓁,https://zh.wikipedia.org/wiki/%E8%94%A1%E5%AE%B6%E8%93%81,"蔡家蓁（1991年11月9日—），本名蔡幸芳。台灣嘉義縣人，台灣女歌手，畢業於玄奘大學大眾傳播學系。
",已取得
林沛蕎,,,無條目
廣財與老樂手,,,待確認
雅維·茉芮,https://zh.wikipedia.org/wiki/%E9%9B%85%E7%B6%AD%C2%B7%E8%8C%89%E8%8A%AE,"雅維·茉芮，出生於苗栗縣泰安鄉斯瓦細格部落（龍山部落）的台灣原住民族泰雅族語創作歌手，漢名林佳霏。就讀國立臺灣師範大學流行音樂產學應用碩士在職專班。
雅維·茉芮在學習泰雅族母語的過程中，透過到部落田野調查從耆老們口傳文化獲得創作的動力，而將泰雅族的傳統文化融入至流行音樂、搖滾、電音等多元曲風。
2019年以《斯瓦細格》入圍第30屆金曲獎最佳原住民語歌手獎和最佳原住民語專輯獎。
2023年以《wahi藤蔓》入圍第34屆金曲獎最佳原住民語歌手獎、2024年以《世界和我一起跳舞》入圍第35屆金曲獎最佳原住民語歌手獎。
",已取得
舞思愛,https://zh.wikipedia.org/wiki/%E8%88%9E%E6%80%9D%E6%84%9B,"舞思愛·羔露，藝名舞思愛，出生於台灣花蓮縣，成長於基隆市奇浩部落，台灣阿美族歌手、舞台劇演員。2011年在歌唱選秀節目第七屆《超級星光大道》中獲得季軍，同時也是歷屆超級星光大道中演唱最多原住民歌曲的選手。2015年參加第四屆《中國好聲音》三轉進入哈林戰隊。
",已取得
露波合唱團,,,無條目
麋先生,https://zh.wikipedia.org/wiki/%E9%BA%8B%E5%85%88%E7%94%9F,"麋先生 是一支臺灣樂團，由主唱吳聖皓、木吉他手林喆安、電吉他手小B余柏羲、貝斯手張以諾、和鼓手盧逸凡共五名成員組成。麋先生以專輯《馬戲團運動》首度入圍第25屆金曲獎，並獲得最佳樂團獎。
",已取得
青虫,,,無條目
尋人啟事,https://zh.wikipedia.org/wiki/%E5%B0%8B%E4%BA%BA%E5%95%9F%E4%BA%8B,,待確認
SmashRegz,,,無條目
Limi,https://zh.wikipedia.org/wiki/Limi,"Limi是台灣 chill pop 獨立雙人男女組合，過去曾是「睡帽樂團」主唱白淩（Li）、貝斯手呂旻（Mi）組成。他們於 2019 年 3 月 22 日以單曲《我的夜晚是不是你的白天》出道。首張專輯《二分之一》於 2019 年 11 月發行，並獲提名 第 31 屆金曲獎最佳演唱錄音專輯獎、Apple Music Awards 2019 矚目新人及最佳 Top 100，以及 2020 KKBOX 潮流新聲。2022 年在 Spotify 上獲得了超過 130 個國家/地區的超過 100 萬次串流播放量。
",已取得
鄒序,,,無條目
王ADEN,https://zh.wikipedia.org/wiki/%E7%8E%8BADEN,"王ADEN，是一名臺灣創作歌手。
",已取得
徐暐翔,https://zh.wikipedia.org/wiki/%E5%BE%90%E6%9A%90%E7%BF%94,"徐暐翔（1992年11月5日—），台灣男歌手。2013年參加中視舉辦第三屆《華人星光大道》，並在總決賽中獲得亞軍，後陸續參加民視《台灣那麼旺》、浙江衛視《2018中國好聲音》等歌唱選秀節目。2023年7月發行首張個人專輯《躍》。2026年9月發行第二張個人專輯《愛火山的人》。
",已取得
鳳小岳,https://zh.wikipedia.org/wiki/%E9%B3%B3%E5%B0%8F%E5%B2%B3,"鳳小岳，臺灣男演員、歌手，出生於英國、成長於臺北士林。其藉由電影《艋舺》、《女朋友·男朋友》、《九降風》等作品的演出而為人所知。
",已取得
Jocelyn9.4.0,,,無條目
李竺芯,https://zh.wikipedia.org/wiki/%E6%9D%8E%E7%AB%BA%E8%8A%AF,"李竺芯（1989年6月17日—），本名李佳薇，台灣女歌手。11歲時即出道，她於2023年參與《MUSIC MAKER 音樂主理人》，贏得第4名而嶄露頭角，並在隔年發行專輯《Suí 水》。
",已取得
阿布絲·塔娜比瑪,,,無條目
美秀集團,https://zh.wikipedia.org/wiki/%E7%BE%8E%E7%A7%80%E9%9B%86%E5%9C%98,"美秀集團 是台灣嘉義的獨立樂團，曲風特色是帶有復古台味的搖滾和民謠，樂團採用自製樂器進行演出。該樂團自2016年5月開始對外活動，目前成員由主唱狗柏、鍵盤手冠佑、鼓手鍾錡以及貝斯手婷文組成。
團名「美秀」取自狗柏、冠佑兩位母親的名字。
",已取得
盧廣仲,https://zh.wikipedia.org/wiki/%E7%9B%A7%E5%BB%A3%E4%BB%B2,"盧廣仲，台灣創作男歌手、演員。大學時期學習彈奏吉他後，開始參與金韶獎、金旋獎等比賽並獲得突出成績，而決定正式以創作歌手為職業。在成為歌手後，他的作品與演出在華語流行音樂市場上廣受歡迎，並多次獲頒金曲獎、金馬獎等相關獎項。後來又投入演員事業，並獲頒金鐘獎等相關獎項。
",已取得
謝銘祐,https://zh.wikipedia.org/wiki/%E8%AC%9D%E9%8A%98%E7%A5%90,"謝銘祐（1969年2月8日—），生於南投草屯，台灣音樂製作人及詞曲創作人。五歲搬家至台南安平。畢業於臺南一中，輔仁大學。退伍後即踏入唱片界，長達十年在台北當音樂製作人。2000年回到故鄉台南，沒事就在台南大街小巷穿梭，自稱「府城流浪漢」。
",已取得
AAA（HYUKOH與落日飛車）,,,待確認
Energy,,,待確認
方大同,https://zh.wikipedia.org/wiki/%E6%96%B9%E5%A4%A7%E5%90%8C,"方大同，美籍香港創作男歌手、音樂製作人，出生於夏威夷，1997年定居香港。2005年發行首張個人專輯《Soulboy》踏入歌壇。方大同是將根源性藍調及靈魂樂融入華語流行樂的先驅，其作品中有大量黑人音樂的和聲及律動，為華語樂壇帶來重要影響。2008年奪得《叱咤樂壇流行榜頒獎典禮》「叱咤樂壇男歌手金獎」，成為該頒獎禮成立以來最年輕的男歌手金獎得主。曾提名台灣金曲獎達24次，其中6次提名最佳國語男歌手獎，並於2017年憑專輯《JTW 西遊記》獲獎；2021年憑歌曲〈麵麵〉獲得金曲獎最佳單曲製作人獎。
",已取得
陳奕迅,https://zh.wikipedia.org/wiki/%E9%99%B3%E5%A5%95%E8%BF%85,"陳奕迅，香港男歌手、演員，被譽為「樂壇天王」、「金曲歌王」及「新一代歌神」等。1995年贏得第14屆新秀歌唱大賽冠軍而正式入行，至今已發行超過40張專輯。2005年他被《時代雜誌》喻為帶領香港粵語音樂潮流及影響香港樂壇風格的人物，同年推出的大碟《U87》也被該雜誌推選為「2005年五大亞洲最值得購買的唱片之一」。2010年，入選中國華語金曲獎「30年經典評選」，成為90年代出道歌手唯一代表。迄今共九度提名台灣金曲獎「最佳國語男歌手獎」並獲獎三次，是該獎項的入圍暨得獎紀錄保持者。2016—2021連續六年登上Spotify香港最高串流量歌手榜首。與環球唱片合作19年來歌曲串流播放率破750億。2023及2024年均登上Spotify全球最多串流收聽次數華語歌手第三位；香港最受歡迎本地歌手榜分別為第五及第四位； 2024年12月每月聽眾人數更超過四百萬。2025年已出道30年的他仍佔香港YouTube 熱門歌手第三位。
",已取得
陳建騏,https://zh.wikipedia.org/wiki/%E9%99%B3%E5%BB%BA%E9%A8%8F,"陳建騏（1973年2月3日—），淡江大學會計學系畢業，台灣音樂人，常為劇場、電視劇、電影、廣告製作配樂，參與歌手專輯製作，及擔任周華健、陳珊妮、陳綺貞、楊乃文、魏如萱等歌手的演唱會鍵盤手。2011年，陳建騏與陳珊妮共組音樂團體「19」，11月19日發行首張同名專輯《19》。2013年，與陳綺貞、鍾成虎共組音樂團體「The Verse」，推出專輯《52赫茲》。2023年，陳建騏擔任第34屆金曲獎評審團主席。2024年，擔任湖南衛視《歌手2024》音樂總監。
",已取得
陳綺貞,https://zh.wikipedia.org/wiki/%E9%99%B3%E7%B6%BA%E8%B2%9E,"陳綺貞（1975年6月6日—），台灣創作女歌手。新北市蘆洲人，國立政治大學哲學系畢業。大學時期常於校園、天橋、地下道、咖啡廳、Live House、書店、墾丁海邊等地演唱。1998年發行首張專輯《讓我想一想》，其後陸續發行的《還是會寂寞》、《Groupies 吉他手》、《華麗的冒險》、《太陽》及《時間的歌》均獲選中華音樂人交流協會年度十大專輯。多次舉辦大型巡迴演唱會，其中2014年《時間的歌》演唱會世界巡迴達30場，動員超過20萬人參與。
",已取得
陳珊妮,https://zh.wikipedia.org/wiki/%E9%99%B3%E7%8F%8A%E5%A6%AE,"陳珊妮，台灣創作女歌手、音樂製作人、MV導演，生於菲律賓。1994年出道至今已發行14張個人創作專輯及3張音樂組合專輯。共獲得5座金曲獎，也曾憑藉《艋舺》獲得第54屆亞太影展最佳電影音樂獎。
",已取得
曾國宏,,,無條目
荒井十一,https://zh.wikipedia.org/wiki/%E8%8D%92%E4%BA%95%E5%8D%81%E4%B8%80,"荒井十一，出生於香港。打擊樂手、音樂製作人。
",已取得
洪佩瑜,https://zh.wikipedia.org/wiki/%E6%B4%AA%E4%BD%A9%E7%91%9C,"洪佩瑜（1990年12月10日—），臺灣女歌手。2010年參加《超級偶像》第四屆踢館賽，同年再度參加《超級偶像》第五屆比賽，後於2011年4月9日成為當屆亞軍，曾經在比賽中獲得當集的MVP。個人代表作為《踮起腳尖愛》，曾經在youtube出現非官方影片點閱高達六千多萬，不過在2023年以後已經移除。。
2017年起演出多部幾米音樂劇《地下鐵》、《向左走，向右走》、《時光電影院》。2023年以首張專輯《明室》入圍第34屆金曲獎包含最佳華語女歌手獎、年度專輯獎在內等8項獎項，成為當屆提名最多獎項的專輯，最終奪下最佳新人獎。同年以電影《本日公休》主題曲〈同款〉獲得第60屆金馬獎最佳原創電影歌曲。
",已取得
HUSH,https://zh.wikipedia.org/wiki/Hush,,待確認
康士坦的變化球,https://zh.wikipedia.org/wiki/%E5%BA%B7%E5%A3%AB%E5%9D%A6%E7%9A%84%E8%AE%8A%E5%8C%96%E7%90%83,"康士坦的變化球， 台灣樂團。成立於2013年，團名來自希臘哲學家赫拉克利特（Heraclitus）的名言 「Change is the only constant in life.」、「唯一不變的就是永遠在變化」，也就是佛說的「無常」。
",已取得
王心凌,https://zh.wikipedia.org/wiki/%E7%8E%8B%E5%BF%83%E5%87%8C,"王心凌，臺灣歌手、演員。血型O型。2003年發行首張專輯《Begin...》正式以歌手身分出道，進入演藝圈。
",已取得
五月天瑪莎,,,無條目
黃綺珊,https://zh.wikipedia.org/wiki/%E9%BB%84%E7%BB%AE%E7%8F%8A,"黃綺珊（1968年3月23日—），原名黃曉霞，重慶人，中國大陸女歌手。1994年，個人首張專輯與前夫音樂人涂惠源合作錄製專輯《HOVER OVER》，後由臺灣福茂唱片公司發行，專輯改名為《INSIDEMUSIC》。1995年獲得廣東廣州十大金曲的最具潛質女歌手獎，同年錄製台灣電視連續劇《風華絕代》的片頭及片尾曲。1999年與小柯合唱偶像劇《將愛情進行到底》中的插曲《我還能做什麼》。2000年底推出的專輯《只有你》，其中《只有你》被列入中國通用聲樂類考級十級考級曲目。2004年在雅典奧運會演唱央視主題曲《驕傲》。2007年8月25日出席鋼琴家羅伯特·威爾斯在瑞典的獨奏音樂會唯一演唱嘉賓。在沉寂樂壇多年後，於2013年參與湖南衛視《我是歌手》的節目錄製，再度紅遍兩岸三地，成為家喻戶曉的女歌手，2016年又參加了江蘇衛視的《蒙面唱將猜猜猜》。2016年，以本名入圍台灣第27屆金曲獎最佳國語女歌手。
",已取得
Ice Paper,https://zh.wikipedia.org/wiki/Ice_Paper,"Ice Paper（1991年10月29日—），本名魏然，男，江蘇省淮陰市人，中國歌手。2014年參加浙江衛視《中國好聲音》第三季比賽，被淘汰後經過復活賽進入齊秦組，經過過關斬將最終獲得該組亞軍、全國八強而出道， 其「星二代」「官二代」的顯赫身份備受媒體和觀眾關注。之後以藝名「Ice Paper」進軍說唱界，並於2019年以單曲《心如止水》再度翻紅。
",已取得
JIHU,,,無條目
KAFE.HU咖啡胡,,,無條目
李吉吉,,,無條目
秦四風,https://zh.wikipedia.org/wiki/%E7%A7%A6%E5%9B%9B%E9%A2%A8,"秦四風，是中國音樂製作人、作曲家、演奏家，曾獲第28屆金曲獎最佳專輯獎、最佳作曲人獎、最佳演奏錄音專輯獎三項大獎。
",已取得
圖靈音樂實驗室,,,無條目
Von Citizen,,,無條目
王OK,,,無條目
鄭楠,https://zh.wikipedia.org/wiki/%E9%83%91%E6%A5%A0,"鄭楠（1983年12月9日—），男，浙江杭州人，中國大陸歌手、音樂製作人。
",已取得
張羽涵,,,無條目
周雲蓬,https://zh.wikipedia.org/wiki/%E5%91%A8%E4%BA%91%E8%93%AC,"周雲蓬（1970年12月15日—），出生於遼寧瀋陽，中國大陸盲人獨立民謠歌手、詩人。
",已取得
林憶蓮,https://zh.wikipedia.org/wiki/%E6%9E%97%E6%86%B6%E8%93%AE,"林憶蓮，香港女歌手、詞曲作家及音樂製作人。1982年，加入商業二台擔任兼職DJ，從此踏入娛樂圈。1985年，推出首張個人專輯《林憶蓮》踏入樂壇。其後她的音樂事業橫跨香港、臺灣、中國大陸和日本等亞洲地區。
",已取得
王菀之,https://zh.wikipedia.org/wiki/%E7%8E%8B%E8%8F%80%E4%B9%8B,"王菀之，香港唱作女歌手、藝術家、作曲家、演員，2005年加入樂壇，被譽為「天使吻過的聲音」。2008年9月，於STAR HALL舉行兩場入行後首次個人演唱會《我來自火星演唱會》，首場邀得歌神張學友當特別嘉賓，兩人合唱《我真的受傷了》（王菀之為張學友創作的歌曲）。2011年10月首次於香港紅磡體育館舉行2場《水．百合》個人演唱會，邀得3位當今樂壇頂尖音樂總監及42人弦樂隊合作，被喻為「顛覆紅館的Art Show」。隨後在2014年和2017年（與張敬軒合作）兩度再登紅館舉辦演唱會。2012年，王菀之憑《留白》勇奪香港四大音樂頒獎禮歌曲獎及「2012年度十大勁歌金曲頒獎典禮 金曲金獎」，曾連續7年獲得商業電台叱咤樂壇流行榜頒獎典禮「叱咤樂壇唱作人」獎項，並四度榮獲「叱咤樂壇唱作人金獎」，得到「唱作女皇」之聲名。
",已取得
李銖銜,https://zh.wikipedia.org/wiki/%E6%9D%8E%E9%93%A2%E8%A1%94,"李銖銜 是一位美籍韓裔歌手，曾任Royal Pirates的成員之一。
",已取得
三隻狗,,,無條目
J.Sheon,https://zh.wikipedia.org/wiki/J.Sheon,"莊珣（1985年12月24日—），藝名J.Sheon（或街巷），台灣創作男歌手。
",已取得
林家謙,https://zh.wikipedia.org/wiki/%E6%9E%97%E5%AE%B6%E8%AC%99,"林家謙，香港唱作男歌手，2014年以作曲人身分入行，在2019年出道成為獨立唱作人，在2022年於紅磡香港體育館首次舉行一連七場個人演唱會，並在2023年於倫敦O2體育館舉行首次海外個人演唱會。他主唱作品不少在自家房間錄製，並包辦作曲、填詞、編曲、和音、監製，同時繼續活躍於為多位華語及粵語歌手創作和製作歌曲，至今發表的歌曲逾100首，被譽為全能型的歌手及音樂製作人。
",已取得
呂士軒,https://zh.wikipedia.org/wiki/%E5%91%82%E5%A3%AB%E8%BB%92,"呂士軒（1989年3月12日—），藝名Trout Fresh，臺灣饒舌創作歌手、音樂製作人，新竹人，畢業於玄奘大學。2015年12月以饒舌團體違法SmashRegz發行EP《戲劇話》，2017年12月發行首張個人專輯《誤入奇途》。2025年，以第三張個人專輯《好聲豪氣》拿下第36屆金曲獎最佳華語男歌手獎和最佳華語專輯獎兩項大獎。
",已取得
魏如萱,https://zh.wikipedia.org/wiki/%E9%AD%8F%E5%A6%82%E8%90%B1,"魏如萱，臺灣創作女歌手、演員及電台主持人，綽號「娃娃」。2003年出道為自然捲樂團主唱，2006年因喉嚨問題而退出。2007年單飛發行首張個人專輯《甜蜜生活》。曾在中廣音樂網擔任主持人，目前是HitFM聯播網的DJ，以及「maison de waa 花室」商店及「forgood 好多咖啡」咖啡廳的老闆之一。曾6次入圍金曲獎最佳華語女歌手獎，並憑專輯《藏著並不等於遺忘》、《珍珠刑》兩度獲獎。
",已取得
楊肅浩,https://zh.wikipedia.org/wiki/%E6%A5%8A%E8%82%85%E6%B5%A9,"楊肅浩（1994年7月7日—），羅東高商國文老師，同時也是台灣新生代台語民謠歌手。曾拿過創作比賽大獎，包括兩岸校園交流大賽亞軍、原創歌曲獎、閩南語歌王獎等，還曾隨著樂壇前輩參與《民歌四十》巡演。於2020年7月31日發行首張台語創作專輯《噶瑪蘭的風吹》，隔年憑此張專輯，入圍第32屆金曲獎最佳台語男歌手獎。
",已取得
FunkyMo,https://zh.wikipedia.org/wiki/FunkyMo,"FunkyMo 是台灣音樂人、電子音樂製作人、鍵盤手與創作歌手。畢業於美國伯克利音樂學院，主修電子音樂製作。活躍於流行、R&B、Soul、Funk 與電子音樂等領域，並參與幕前與幕後多項音樂製作工作。
",已取得
陳以恆,https://zh.wikipedia.org/wiki/%E9%99%B3%E4%BB%A5%E6%81%86,"陳以恆（1994年—）是台灣台北市大安區出身的台語流行音樂男歌手。2019年10月30日發行首張迷你專輯《但係我袂驚惶》，該EP於2020年8月1日獲得第13屆 Freshmusic Awards年度EP獎。2020年10月3日入圍第31屆金曲獎最佳台語男歌手獎提名。2024年11月25日發行首張正規專輯《罐頭塔》，該專輯於	2025年6月28日入圍第36屆金曲獎三個獎項，最終榮獲最佳台語男歌手獎。
",已取得
王彙筑,https://zh.wikipedia.org/wiki/%E7%8E%8B%E5%BD%99%E7%AD%91,"王彙筑（1992年9月27日—），出身於嘉義的唱作人。就讀嘉義女中時因加入吉他社遂而引發她對音樂創作的興趣，2011年參加南方之星比賽得到創作組冠軍、個人組亞軍。2012年參加《女朋友。男朋友尋找新女聲新男聲》徵選活動，得到演唱電影原聲帶的機會。與潘雲安、謝宗霖、郭鈞涵、董兆怡同為黃韻玲老師和鍾興民老師發掘、培養的創作歌手。音樂類型以 Folk 與 Indie Pop 為主，歌詞風格時而隱晦、時而趣味，就當你以為她是一個不折不扣的文青時，她會猝不及防地來則冷笑話回擊。
",已取得
秋林,,,待確認
粹垢TRAEGO,,,無條目
黃子軒,https://zh.wikipedia.org/wiki/%E9%BB%83%E5%AD%90%E8%BB%92,"黃子軒（1983年—），客家音樂人。新竹市眷村子弟，因父親是台灣閩南人，母親是竹北客家人，而精通臺語及海陸客語，並使用母語進行音樂創作。寫過華語流行音樂圈膾炙人口的主打歌，現為「黃子軒與山平快」團長，同為獨立樂團「發條人」與「暗黑白領階級」主唱。唱片公司簽約詞曲作者。電視節目製作。2016年新竹關西駐村音樂創作人、2016內山金曲歌謠祭、山線平快鐵道巡迴計畫、內山搞關西等音樂節活動主理人。2025年以專輯《牛騷 New Soul》在第36屆金曲獎典禮中榮獲『最佳客語專輯獎』與『最佳客語歌手獎』雙料殊榮。
",已取得
羅思容,,,無條目
米莎,https://zh.wikipedia.org/wiki/%E7%B1%B3%E8%8E%8E_(%E6%AD%8C%E6%89%8B),"米莎（1984年1月8日—），本名溫尹嫦，台灣苗栗人，是台灣創作歌手。米莎的音樂作品大多以四縣腔客語呈現，風格寫實而多變化，富含對童年、生活、環境、社會、人與人之間的敏銳觀察，與深厚的土地情懷。曾組成樂團「米莎x地下河」。
",已取得
楊淑喻（吉那）,,,無條目
張淦勛,https://zh.wikipedia.org/wiki/%E5%BC%B5%E6%B7%A6%E5%8B%9B,"張淦勛，臺灣排灣族創作歌手、詞曲作家，臺東縣出生，2024年12月28日張淦勛發行首張排灣族語創作專輯《雲就要翻過山》，該專輯於2025年5月14日在第36屆金曲獎入圍最佳新人獎、最佳原住民語專輯獎、最佳作詞人獎、最佳專輯製作人獎、年度專輯獎等五項大獎，2025年6月28日以專輯裡收錄的華語歌曲〈南迴之子〉獲得『最佳作詞人獎』殊榮。
",已取得
Morikilr孔亞明,,,無條目
Kumu Basaw姑慕·巴紹,,,無條目
桑布伊,https://zh.wikipedia.org/wiki/%E6%A1%91%E5%B8%83%E4%BC%8A,"桑布伊・卡達德邦・瑪法琉 是臺灣歌手，出身自臺東卑南族卡大地布部落的卡達德邦氏族瑪法琉家族。2021年以專輯《得力量pulu'em》奪下兩座金曲獎，包括原住民歌手獎及最佳年度專輯獎。
",已取得
戴曉君Sauljaljui,,,無條目
柏霖PoLin,,,無條目
蕭煌奇,https://zh.wikipedia.org/wiki/%E8%95%AD%E7%85%8C%E5%A5%87,"蕭煌奇（1976年9月22日—），台灣創作歌手和柔道運動員。先天視障，1995年起擔任全視障樂團全方位樂團團長、主唱、薩克斯風手，亦會演奏吉他和爵士鼓，經常受邀至世界各地演出。1999年，蕭煌奇獲得了台灣十大傑出青年。2016年，蕭煌奇在台北小巨蛋舉辦了神秘世界演唱會，成為史上首位攻蛋的盲人歌手。2026年得到第5座金曲最佳台語男歌手獎。
",已取得
李榮浩,https://zh.wikipedia.org/wiki/%E6%9D%8E%E6%A6%AE%E6%B5%A9,"李榮浩（1985年7月11日—），中國大陸創作男歌手，出生於安徽蚌埠。2005年簽約愛貝克思唱片成為旗下幕後製作人，曾與陳坤、趙薇等藝人合作。2010年發行首張個人迷你專輯《小黃》，2013年發行首張個人專輯《模特》走紅，並獲得台灣第25屆金曲獎最佳新人獎。而後亦曾擔任選秀節目《偶像練習生》（2018）、兩季《青春有你》（2018；2022）、四季《中國好聲音》（2019-2022）導師。
",已取得
蔡健雅,https://zh.wikipedia.org/wiki/%E8%94%A1%E5%81%A5%E9%9B%85,"蔡健雅，新加坡創作女歌手及音樂製作人。1997年以首張英語專輯《Bored》在新加坡出道，1999年在臺灣發行首張國語專輯《呼吸》。2006年定居於臺北，並成立「天涯音樂工作室」。
",已取得
戴佩妮,https://zh.wikipedia.org/wiki/%E6%88%B4%E4%BD%A9%E5%A6%AE,"戴佩妮，馬來西亞創作女歌手、音樂製作人、樂團「佛跳牆」主唱、作家及MV導演。舞者工作出身，2000年發行首張創作專輯《Penny》在台灣出道，至2006年都以一年一張的速度發行專輯。2006年發行第七張專輯《iPenny》後，約有3年的時間她選擇在網路平台發表數位單曲，以及轉往攝影和拍攝MV的方面發展。出道至今已發行12張個人專輯，和3張以佛跳牆樂團名義發行的專輯。
",已取得
陳忻玥,https://zh.wikipedia.org/wiki/%E9%99%B3%E5%BF%BB%E7%8E%A5,"陳忻玥，出生於臺灣臺北市，台灣創作女歌手。肄業於輔仁大學英文系。參加歌唱選秀節目《聲林之王2》後人氣大漲。代表作《煙幕》目前在YouTube觀看次數已累積突破5000萬次，《炙愛》女聲版突破3000萬次，2019年與師兄高爾宣合作的男女對唱版《Without you》也突破2000萬觀看，2022年發行的陳忻玥與李杰明合唱單曲《I'm alive》亦於2023年4月底突破一千萬點擊，現已突破2000萬次，在2020年9月時舉辦個人專場售票演唱會，並在演唱會上一口氣演唱近20首歌曲，其中也邀請了同門師姐王艷薇、師弟李杰明以及師兄高爾宣擔任嘉賓。
",已取得
Karencici,https://zh.wikipedia.org/wiki/%E6%9E%97%E6%84%B7%E5%80%AB,"林愷倫，美籍華裔女歌手、詞曲作家和演員。出道前曾為田馥甄寫歌，2018年發行首張個人專輯《SHA YAN》，2019年入圍第30屆金曲獎最佳新人獎。2021年與王嘉爾、J.Sheon、ICE組成PANTHEPACK。同年12月發行第二張個人專輯《99% Angel》，2022年憑該專輯入圍第33屆金曲獎最佳華語女歌手獎。
",已取得
馬克SAVAGE.M,,,無條目
蔡秋鳳,https://zh.wikipedia.org/wiki/%E8%94%A1%E7%A7%8B%E9%B3%B3,"蔡秋鳳，臺灣雲林縣四湖鄉人，臺灣臺語女歌手。以獨特的聲線聞名於台語歌壇，因早年唱的歌曲帶有黑道或社會底層生活無奈的色彩，配上獨特的聲線，有苦情歌后之稱。蔡秋鳳也是第四位踏上台北小巨蛋的台語女歌手。
",已取得
林美秀,https://zh.wikipedia.org/wiki/%E6%9E%97%E7%BE%8E%E7%A7%80,,待確認
詹雅雯,https://zh.wikipedia.org/wiki/%E8%A9%B9%E9%9B%85%E9%9B%AF,"詹雅雯（1967年3月2日—），原名詹淑貞，臺灣台語流行音樂創作女歌手、詞曲作家。詹雅雯出身勞工家庭，1980年代以台語流行音樂合唱團體「櫻花姐妹」出道，走唱直至1991年起才開始灌錄個人專輯，並以日本演歌式的唱腔走紅藝界，素有「夜市江蕙」的美稱，以演唱國台語老歌與演歌類歌曲為主。三立電視台台語歌唱節目超級紅人榜評審。
",已取得
曾妮Dremedreman,,,無條目
無妄合作社,,,無條目
JADE,,,無條目
TRASH,,,無條目
八十八顆芭樂籽,https://zh.wikipedia.org/wiki/%E5%85%AB%E5%8D%81%E5%85%AB%E9%A1%86%E8%8A%AD%E6%A8%82%E7%B1%BD,"八十八顆芭樂籽 是台灣樂團，成立於1996年。
",已取得
恐龍的皮,https://zh.wikipedia.org/wiki/%E6%81%90%E9%BE%8D%E7%9A%84%E7%9A%AE,"恐龍的皮是一個以恐龍為主題的台灣獨立流行音樂團體，使用「愛鼠人類朋友悶的白堊紀流行音樂二重奏組」形容自身，歌詞內容皆為英文。
",已取得
動力火車,https://zh.wikipedia.org/wiki/%E5%8B%95%E5%8A%9B%E7%81%AB%E8%BB%8A,"動力火車，臺灣二人男子演唱組合，由尤秋興、顏志琳兩位排灣族歌手所組成。因其歌聲特殊高亢具震撼力，於1990年代末竄起於臺灣歌壇，曾10次入圍金曲獎最佳重唱組合獎，兩度獲獎。目前為華研國際音樂旗下歌手。
",已取得
珂拉琪,,,待確認
丹丹猫猫,,,無條目
ATARASHII GAKKO!,,,無條目
SherryZ鄭雙雙,,,無條目
someshiit山姆,,,無條目
JUD陳泳希,,,無條目
Andr,,,無條目
JOLIN蔡依林,,,無條目
楊世暄,,,無條目
張震嶽,https://zh.wikipedia.org/wiki/%E5%BC%B5%E9%9C%87%E5%B6%BD,"海雅·谷慕，漢名張震嶽，阿美族，台灣創作男歌手，其代表作歌曲包括〈愛的初體驗〉、〈愛我別走〉、〈分手吧〉、〈自由〉、〈思念是一種病〉等等，也曾參與電影演出。2014年以專輯《我是海雅谷慕》獲得第25屆金曲獎「最佳國語專輯獎」。2026年以專輯《跟著感覺走》獲得第37屆金曲獎「最佳華語男歌手獎」、「最佳華語專輯獎」及「最佳作曲人獎」（〈浪人的...〉）三項大獎。
",已取得
陳小霞,https://zh.wikipedia.org/wiki/%E9%99%B3%E5%B0%8F%E9%9C%9E,"陳小霞，台灣創作女歌手。合作對象包括陳奕迅、張國榮、王菲、林良樂、田馥甄、劉若英、張信哲、郭靜、范瑋琪、江蕙、莫文蔚、邰正宵、孟庭葦、林宥嘉、梁文音等歌手。她在27歲時發表第一首作品是1981年劉文正的專輯《三月裡的小雨》中的「春夏秋冬」一曲。1991年推出個人專輯《大腳姐仔》，與陳小霞合作最多的填詞人則為填詞人姚若龍，2010年憑歌手郭靜所演唱的《在樹上唱歌》一曲拿下第21屆金曲獎最佳作曲人獎，是陳小霞創作生涯30年來的第一座金曲獎。
",已取得
陳嫺靜,https://zh.wikipedia.org/wiki/%E9%99%B3%E5%AB%BA%E9%9D%9C,"陳嫺靜（1998年12月8日—），是出身臺灣臺北的饒舌音樂創作歌手。
",已取得
A-Lin,https://zh.wikipedia.org/wiki/A-Lin,"黃麗玲，藝名A-Lin，臺灣阿美族女歌手，生於高雄苓雅。曾數次入圍臺灣金曲獎，並多次受邀在重要頒獎典禮上獻唱，2023年以專輯《LINK》獲得第34屆金曲獎最佳華語女歌手獎。2026年以電影《陽光女子合唱團》主題曲〈幸福在歌唱〉獲得第37屆金曲獎年度歌曲獎。
",已取得
頑童MJ116,https://zh.wikipedia.org/wiki/%E9%A0%91%E7%AB%A5MJ116,"頑童MJ116，簡稱「頑童」，臺灣饒舌團體，由「瘦子」（E.SO）、「小春」（Kenzy）以及「大淵」（Muta）三人所組成。成立於2004年7月，「MJ」的意思是木柵，「116」代表木柵所屬的臺北市文山區郵遞區號。2015年頑童三人與搖滾歌手張震嶽、饒舌歌手熱狗 組成音樂組合兄弟本色，以一曲俗稱「這樣太危險」的主打歌《Fly Out》爆紅，2017兄弟本色解散。2018年頑童以「幹大事」專輯，獲得第29屆金曲獎最佳演唱組合獎。2019年1月，在高雄的演唱會中，頑童宣布「單飛不解散」。
",已取得
單依純,https://zh.wikipedia.org/wiki/%E5%8D%95%E4%BE%9D%E7%BA%AF,"單依純（2001年12月23日—），浙江東陽人，中國女歌手。2020年考入浙江音樂學院，主修流行演唱。同年，參加浙江衛視音樂選秀節目《2020中國好聲音》，最終獲得總冠軍，從而正式進入演藝圈，其後於《歌手2025》獲得季軍。
",已取得
鄭宜農,https://zh.wikipedia.org/wiki/%E9%84%AD%E5%AE%9C%E8%BE%B2,"鄭宜農（1987年3月19日—），是臺灣創作女歌手、作家及演員。
",已取得
吳永吉,https://zh.wikipedia.org/wiki/%E5%90%B3%E6%B0%B8%E5%90%89,"吳永吉（1970年10月19日—），台灣新北市瑞芳區人，號稱「愛寫歌的工人」，現為董事長樂團吉他手與主唱、大吉祥整合行銷負責人，擅長詞曲創作與音樂製作。
",已取得
CJ MiT,,,無條目
阿依.羅,,,無條目
ana,,,無條目
春麵樂隊,,,無條目
陳以諾Sarah,,,無條目
黃宇寒,https://zh.wikipedia.org/wiki/%E9%BB%83%E5%AE%87%E5%AF%92,"黃宇寒（1996年4月2日—），台灣客家獨立音樂創作歌手，生於桃園市龍潭區。父親是台灣客家人，母親為印尼華僑。2019年發行的專輯《有時有日》、2021年發行的專輯《虛空現下》及2025年發行的專輯《Ngai》， 皆於隔年入圍金曲獎「最佳客語歌手獎」、「最佳客語專輯獎」及「年度專輯獎」。現時參與眾多歌手專輯或音樂會的和聲製作與樂手。曾經於節目〈聲林之王〉第一季中擔任過李友廷的踢館魔王。第四張專輯《Ngai》於2026年獲得第37屆金曲獎「最佳客語專輯獎」。
",已取得
漂流出口,,,無條目
高金龍Lawis Aow,,,無條目
Arase阿拉斯,,,無條目
Suming舒米恩,,,無條目
Matzka,https://zh.wikipedia.org/wiki/Matzka,"Matzka，漢名宋唯農，臺灣創作歌手、詞曲作家與音樂製作人，臺東縣金峰鄉排灣族人，MATZKA樂團主唱。
",已取得
鶴The Crane,,,無條目
落日飛車,https://zh.wikipedia.org/wiki/%E8%90%BD%E6%97%A5%E9%A3%9B%E8%BB%8A,"落日飛車 是於2009年成立的台灣樂團，由主唱兼吉他手國國、貝斯手弘禮、鍵盤手小干、薩克斯手浩庭和鼓手尊龍共五人組成。
",已取得
周湯豪,https://zh.wikipedia.org/wiki/%E5%91%A8%E6%B9%AF%E8%B1%AA,"周湯豪，臺灣創作男歌手、演員，也是「祝你好命」的團隊CEO。
",已取得
Gummy B,https://zh.wikipedia.org/wiki/Gummy_B,"Gummy B（2000年9月11日—），本名黃立堯，出身於台灣台北市的饒舌歌手，高中畢業於復興實中，因求學經歷長年在同個地區，因此寫下〈敦化南路〉一曲。大學就讀於國立臺灣大學生物產業傳播暨發展學系。大學入學後加入台大嘻研，成為台灣「學院派饒舌」代表新秀之一。2022年發行個人首張專輯《安泰》，同年宣布加入廠牌夜間限定工作室，與wannasleep同屬旗下藝人。2023年在大嘻哈時代2總冠軍決賽上拿下亞軍。
",已取得
彭佳慧,https://zh.wikipedia.org/wiki/%E5%BD%AD%E4%BD%B3%E6%85%A7,"彭佳慧，台灣女歌手，以低音渾厚、高音充滿爆發力聞名，而有「鐵肺歌后」之美譽。彭佳慧1996年以專輯《說真心話》出道，並於隔年第8屆金曲獎榮獲最佳新人獎。2016年以專輯《大齡女子》奪下第27屆金曲獎最佳國語女歌手獎。2023年，憑藉首張客語專輯《我在客廳做的夢》奪下第34屆金曲獎最佳客語歌手獎，創下金曲獎首位華語、客語雙料歌后紀錄。
",已取得
劉艾立,https://zh.wikipedia.org/wiki/%E5%8A%89%E8%89%BE%E7%AB%8B,"劉艾立（1992年3月14日—），藝名Erika，台灣美國籍女歌手，第七屆《超級星光大道》參賽者。在百人初選時被黃韻玲相中因而選入隊伍中，也是隊上的強棒之一。
",已取得
曾瑋中,https://zh.wikipedia.org/wiki/%E6%9B%BE%E7%91%8B%E4%B8%AD,"曾瑋中，台灣男歌手，以演唱台語歌曲見長，以民視唱歌比賽節目《明日之星Super Star》參賽者的身份開啟知名度。
",已取得
周自從,,,無條目
陳怡婷,https://zh.wikipedia.org/wiki/%E9%99%B3%E6%80%A1%E5%A9%B7,"陳怡婷（1989年9月29日—），臺灣女歌手，出身自民視歌唱比賽節目《明日之星Super Star》，演唱臺語流行音樂。臺北市人，聖約翰科技大學企業管理系畢業。現為大藝娛樂、時代創藝旗下藝人。
",已取得
秀蘭瑪雅,https://zh.wikipedia.org/wiki/%E7%A7%80%E8%98%AD%E7%91%AA%E9%9B%85,"秀蘭瑪雅（1978年10月18日—），漢名沈秀蘭，臺灣女歌手，以演唱臺語歌曲著稱。
",已取得
白冰冰,https://zh.wikipedia.org/wiki/%E7%99%BD%E5%86%B0%E5%86%B0,"白冰冰（1955年5月17日—），原名白月娥，後改名為白雪嬅。台灣女歌手、演員、主持人，國立空中大學生活科學系畢業。以歌手起家，年輕時曾到日本學習歌舞，被日本雜誌稱為「超星的拳婦」。之後再回台發展，在台灣有「演藝圈大姐大」稱號。
",已取得
PiA吳蓓雅,,,無條目
查勞．巴西瓦里,,,無條目
icyball冰球樂團,https://zh.wikipedia.org/wiki/Icyball%E5%86%B0%E7%90%83%E6%A8%82%E5%9C%98,"icyball冰球樂團，是台灣的一組流行樂團，成立於2013年。現由主唱王昭權、貝斯手Nelson、鍵盤手蒙捷文、鼓手林士捷組成。
",已取得
老王樂隊,https://zh.wikipedia.org/wiki/%E8%80%81%E7%8E%8B%E6%A8%82%E9%9A%8A,"老王樂隊，台灣民謠搖滾樂團。2015年冬於台北市成立，曾在政大金旋獎、國立清華大學清韻獎、淡江大學金韶獎等校園民歌比賽都拿下創作組好成績；並於2016年末，以主唱立長、鼓手會元、吉他手偉碩為核心復出，並陸續加入貝斯手潔民與大提琴手佳瑩。
",已取得
甜約翰Sweet John,,,無條目
Tizzy Bac,https://zh.wikipedia.org/wiki/Tizzy_Bac,"Tizzy Bac（中文團名鐵之貝克），是台灣獨立樂團，成立於1999年，由陳惠婷（主唱兼鍵盤手）、許哲毓（貝斯手）、林前源（鼓手）三人組成。主要活動區域為北部，常在台北市各大表演場地演出。貝斯手許哲毓於2018年1月23日因癌症離世。
",已取得
GENBLUE幻藍小熊,,,無條目
凹與山,,,待確認
椅子樂團,https://zh.wikipedia.org/wiki/%E6%A4%85%E5%AD%90%E6%A8%82%E5%9C%98,"椅子樂團，台灣三人編制樂團，三人皆為台中一中民謠吉他社出身。由主唱兼吉他手詠靖、主唱兼吉他手仲穎以及貝斯手伯元組成。2019年以第二張專輯《Lovely Sunday樂芙莉聖代》榮獲第三十屆金曲獎「最佳演唱組合」。
",已取得
Dac與鄭昭元ZAOYUAN,,,待確認
高真TRU,,,無條目
163braces,,,無條目
JOYCE就以斯,,,無條目
陳穎達四重奏,,,無條目
羊駝小姐,,,無條目
2CHANGE,,,無條目
羅妍婷,,,無條目
COLD DEW,,,無條目
淺堤,https://zh.wikipedia.org/wiki/%E6%B7%BA%E5%A0%A4,"淺堤是來自臺灣高雄市的樂團，使用台語及華語創作歌曲，現由主唱兼吉他手依玲、貝斯手方博、鼓手堂軒、吉他手紅茶組成活動中。
",已取得
Mong Tong夢東,,,無條目
Robot Swing,,,無條目
馬尾,,,待確認
debloop,,,無條目
陳穎達,,,無條目
林偉中,,,無條目
蘇郁涵,https://zh.wikipedia.org/wiki/%E8%98%87%E9%83%81%E6%B6%B5,"蘇郁涵，台灣爵士鐵琴家、作曲家、編曲家、音樂製作人，主修爵士鐵琴演奏，畢業於臺北藝術大學管弦與擊樂研究所並獲得打擊樂演奏碩士。曾在雜誌DownBeat 被提名「年度崛起新秀」、All About Jazz樂評網獲「年度最佳專輯」等國際音樂論評認可。2024年6月29日以歌曲〈嗨高科技 Hi-Tech Pros and Cons〉在第35屆金曲獎獲得『演奏類最佳作曲人獎』。2026年6月27日以歌曲〈Pieces Peace 碎碎平安〉和演奏音樂專輯《Over The Moons》在第37屆金曲獎獲得『演奏類最佳作曲人獎』和『演奏類最佳專輯獎』雙獎殊榮。
",已取得
王品心,,,無條目
葉俊麟,,,待確認
Brandon Lin,,,無條目
洪惟農,,,無條目
鄭宇泰,,,無條目
Flowstrong,,,無條目
That's My Shhh,,,無條目
聲子蟲,,,無條目
C.Holly,,,無條目
ena mori,,,無條目
KIKI,,,無條目
SHNTI,,,無條目
N.Y.P.D.南洋派對,,,無條目
NAMDO CALLING,,,無條目
deca joins,https://zh.wikipedia.org/wiki/Deca_joins,"deca joins，是一個台灣的另類搖滾獨立樂團，目前成員為鄭敬儒（主唱、吉他）、楊尚樺（吉他）、謝俊彥 、陸浩釗（鼓手）、杜哲欣（打擊樂器）。2013年成立時為「FUBAR」，2016年改名為「灰矮星」，2017年改為現今團名。
",已取得
潑猴,https://zh.wikipedia.org/wiki/%E6%BD%91%E7%8C%B4,,待確認
魚條,,,無條目
Acid Brain酸腦,,,無條目
共振效應,,,無條目
一好．屴夯,,,無條目
雷擎,https://zh.wikipedia.org/wiki/%E9%9B%B7%E6%93%8E,"雷擎（1992年3月3日—），臺灣台北人，鼓手及創作歌手。
",已取得
凹與山Our Shame,,,待確認
邱舒,,,無條目
Lizi栗子,,,無條目
蘇裔非,,,無條目
DCIV柯德維,,,無條目
方品融,,,無條目
Miss Ko葛仲珊,,,無條目
吳睿朋,,,無條目
熊仔,https://zh.wikipedia.org/wiki/%E7%86%8A%E4%BB%94,"熊信寬（1990年9月12日—），藝名熊仔（Kumachan），是臺灣饒舌創作歌手。2022年獲得第33屆金曲獎最佳作詞人獎，2023年獲得第34屆金曲獎最佳華語專輯獎。
",已取得
Cicada,,,無條目
undep,,,無條目
PROD_CW,,,無條目
yyt,,,無條目
A.FLYT,,,無條目
TeacheRay,,,無條目
Falk Bonitz Rafique,,,無條目
楊易修,,,無條目
ERIKA劉艾立,,,無條目
BRADD,,,無條目
雲端司機,,,無條目
Haezee黃瑋昕,,,無條目
NIO,https://zh.wikipedia.org/wiki/NIO,,待確認
鐘奕安,,,無條目
許哲珮,https://zh.wikipedia.org/wiki/%E8%A8%B1%E5%93%B2%E7%8F%AE,"許哲珮，臺灣創作歌手、詞曲作家及音樂製作人。2001年發行首張個人創作專輯《汽球》出道，並以該專輯入圍第13屆金曲獎最佳新人獎。除流行音樂創作及唱片製作外，許哲珮亦長期參與音樂劇、舞台劇及跨領域製作，工作內容涵蓋演出、配樂、原創音樂及音樂設計。
",已取得
A_Root同根生,,,無條目
百合花,,,待確認
FUTURE AFTER A SECOND,,,無條目
貓膽汁,,,無條目
當代電影大師,,,無條目
LÜCY,https://zh.wikipedia.org/wiki/L%C3%9CCY,"LÜCY，是台灣女性獨立音樂創作歌手。其音樂風格涵蓋夢幻流行、獨立民謠與臥室流行。2020年憑藉單曲〈CACTUS〉於StreetVoice成名，並於2022年發行首張同名專輯《LÜCY》，獲得金音創作獎多項提名肯定。
",已取得
林奕碩,,,無條目
林以樂,https://zh.wikipedia.org/wiki/%E9%9B%80%E6%96%91%E6%A8%82%E5%9C%98,"雀斑（Freckles），成立於2003年的台灣樂團，成員有林以樂（主唱、吉他手兼鍵盤手）、蘇偉安（主唱兼吉他手）、蘇偉博（貝斯手）、菜圃（鼓手），主要活動區域為台北地區。
",已取得
BRBP,,,無條目
FTK,,,無條目
Tickle Tickle癢癢,,,無條目
謝明諺,,,無條目
鍾錡,,,無條目
吳政君,https://zh.wikipedia.org/wiki/%E5%90%B3%E6%94%BF%E5%90%9B,"吳政君，臺灣擊樂演奏家，是異境樂團藝術總監、也是生祥樂隊與絲竹空爵士樂團的團員。2008年畢業於國立臺灣戲曲學院戲曲音樂系。擅長演奏二胡、與各種風格的打擊樂器，包括拉丁打擊樂器、中國打擊樂器、世界手鼓和爵士鼓等。演奏風格涵蓋爵士樂、拉丁音樂、流行音樂、世界音樂等領域。曾受邀參與多場國際演出，合作對象包括臺北市立國樂團、台灣國樂團，以及馬修連恩、張惠妹、黃小琥、戴佩妮、江蕙、劉若英、周杰倫、鳳飛飛、梁靜茹等人。2018年獲得國立臺灣戲曲學院107學年度傑出校友獎。2021年獲得第12屆金音創作獎最佳樂手獎。2026年與黃瑞豐演奏家合作出品《傳奇．雙擊--新視界》音樂專輯共同榮獲第37屆金曲獎最佳專輯製作人獎。
",已取得
黃瑞豐,https://zh.wikipedia.org/wiki/%E9%BB%83%E7%91%9E%E8%B1%90,"黃瑞豐（1950年1月6日—），臺灣爵士鼓演奏家、爵士鼓教育推廣者、詞曲創作者。1997年時就曾榮獲日本音樂報刊評為「中華民國最好的鼓手」，也享有台灣鼓王的美譽。
",已取得
利惟庸,,,無條目
鄭昭元,,,無條目
Leo王,https://zh.wikipedia.org/wiki/Leo%E7%8E%8B,"Leo王，本名王之佑，是出身自臺灣高雄的華語流行音樂創作歌手。他是龐克搖滾樂團巨大的轟鳴的主唱，以及饒舌演唱組合夜貓組的成員。2019年，以第三張個人專輯《無病呻吟有情抒情》獲頒第30屆金曲獎最佳國語男歌手獎。
",已取得
胖虎,,,待確認
Fat Hamster and KANG New,,,無條目
Jacqui,,,無條目
Lomba Sihir,,,無條目
.Feast,,,無條目
ELLE SHIMADA,,,無條目
BEYOND CURE病入膏肓,,,無條目
擊沈女孩DESTROYERS,,,無條目
倒車入庫,,,無條目
王若琳,https://zh.wikipedia.org/wiki/%E7%8E%8B%E8%8B%A5%E7%90%B3,"王若琳，台裔美籍創作女歌手、音樂製作人。2008年初發行首張專輯《Start From Here》出道。曾於2015年底在日本演出時與歌迷用簡單日文交流，亦演唱日語歌曲《チキチキバンバン》，以及2008年在節目《週日狂熱夜》第57集中演唱葡萄牙語歌曲《Take Me To Aruanda》。
",已取得
Sapud Kacaw撒部．噶照,,,無條目
Naa'u娜塢,,,無條目
柯智棠,https://zh.wikipedia.org/wiki/%E6%9F%AF%E6%99%BA%E6%A3%A0,"柯智棠，台灣創作男歌手。
",已取得
江孟薰,,,無條目
李英宏,https://zh.wikipedia.org/wiki/%E6%9D%8E%E8%8B%B1%E5%AE%8F,"李英宏 （1986年7月6日—），藝名DJ Didilong，臺灣男歌手、演員，新北市新莊區人，畢業於國立台灣藝術大學廣播電視學系。2016年5月發行首張個人專輯《台北直直撞》，並於同年9月30日在ATT Show Box舉辦首次個人演唱會。
",已取得
楊舒雅,https://zh.wikipedia.org/wiki/%E6%A5%8A%E8%88%92%E9%9B%85,"楊舒雅（1999年—），臺灣音樂工作者與政治人物，饒舌音樂創作者，曾任民主進步黨籍立法委員伍麗華助理。
",已取得
KNOWTIS,,,無條目
PUZZLEMAN,,,無條目
CED,,,待確認
Wring Out Laura,,,無條目
KbN凱比鳥,,,無條目
Oberka,,,無條目
B E N N,,,無條目
Sonia Calico,,,無條目
富愛子AIKO TOMI,,,無條目
Tracy Yang楊又臻,,,無條目
Plutato,,,無條目
陳子彰,,,無條目
古樂樂良春Kuljelje Ljamcun,,,無條目
黃彥斌,,,無條目
Yufu／陳郁夫,,,無條目
YELLOW黃宣,,,無條目
阿跨面,,,無條目
傷心欲絕,https://zh.wikipedia.org/wiki/%E5%82%B7%E5%BF%83%E6%AC%B2%E7%B5%95,"傷心欲絕 是一支台灣五人搖滾樂團，於2008年成立，曾於2013年休團兩年。初期曲風深受龐克搖滾與另類搖滾影響，也包含了許多民謠搖滾的元素。傷心欲絕以「義無反顧的狂躁電吉他與激動的失真破嗓」作為標誌，曾與樂團透明雜誌、湯湯水水、盪在空中被戲稱為「師大公園四大天王」，也被認為是「絕望世代」的代表。
",已取得
拍謝少年,https://zh.wikipedia.org/wiki/%E6%8B%8D%E8%AC%9D%E5%B0%91%E5%B9%B4,"拍謝少年是一個來自台灣的台語搖滾樂團，成立於2005年。現任成員為吉他手維尼、貝斯手薑薑及鼓手宗翰。
",已取得
布萊梅,,,待確認
我是機車少女I'mdifficult,,,無條目
Dac,,,無條目
劉暐,,,待確認
鄭敬儒,,,無條目
鄭嘉富,,,無條目
李茂嵩,,,無條目
柯智豪Blaire Ko,,,無條目
潘子爵,,,無條目
張凱婷,,,無條目
簡聿民,,,無條目
MANDARK,,,無條目
假日貞操,,,無條目
黃業圓,,,無條目
LITE,,,無條目
Silica Gel,,,無條目
Age Factory,,,無條目
NaraBara,,,無條目
溫室雜草,https://zh.wikipedia.org/wiki/%E6%BA%AB%E5%AE%A4%E9%9B%9C%E8%8D%89,"溫室雜草 是一支來自台中的搖滾樂團，成立於2019年。目前團員有主唱兼吉他手阿J、吉他手聖丰、貝斯手正約及鼓手小康。
",已取得
農村武裝青年,https://zh.wikipedia.org/wiki/%E8%BE%B2%E6%9D%91%E6%AD%A6%E8%A3%9D%E9%9D%92%E5%B9%B4,"農村武裝青年樂團是成軍於2007年的台灣獨立樂團。
",已取得
wannasleep,https://zh.wikipedia.org/wiki/Wannasleep,"李奕賢（1999年6月13日—），藝名wannasleep，台灣獨立音樂人，擅長饒舌、創作詞曲、編曲。
",已取得
神經元,,,待確認
Dizparity,,,無條目
呂紹淳,,,無條目
Freedom Beat,,,無條目
cheer,,,待確認
笑琴,,,無條目
幽法,,,無條目
魯千千,,,無條目
踢霹歐爵士大樂團,,,無條目
林煒翔／Roger Lin,,,無條目
王思雅／Debby Wang,,,無條目
LINION,https://zh.wikipedia.org/wiki/LINION,"林翰宇，藝名LINION，是一名台灣創作歌手、貝斯手。
",已取得
問題總部,,,無條目
SOPHY王嘉儀,,,無條目
ØZI,https://zh.wikipedia.org/wiki/%C3%98ZI,"陳奕凡，藝名ØZI，台裔美籍創作男歌手、音樂製作人及MV導演。
",已取得
