藝人中文名,藝人英文名,類型,地區,入圍紀錄,得獎紀錄,來源網址,網址識別碼,識別碼來源,識別碼依據網址,判斷依據
草東沒有派對,,團體,國內,第35屆金曲獎 年度專輯獎；第35屆金曲獎 年度歌曲獎；第35屆金曲獎 最佳華語專輯獎；第35屆金曲獎 最佳樂團獎,第35屆金曲獎 年度專輯獎；第35屆金曲獎 最佳華語專輯獎；第35屆金曲獎 最佳樂團獎,https://www.bamid.gov.tw/News_Content.aspx?n=3539&s=219609；https://www.bamid.gov.tw/News_Content.aspx?n=3539&s=219615,cao-dong-mei-you-pai-dui,音譯,,查無官方英文名或自用羅馬拼音，採漢語拼音音譯
大象體操,Elephant Gym,團體,國內,第35屆金曲獎 年度專輯獎；第35屆金曲獎 最佳樂團獎；第35屆金曲獎 評審團獎；第15屆金音 最佳專輯獎；第15屆金音 最佳樂團獎；第15屆金音 最佳搖滾專輯獎；第15屆金音 最佳另類流行歌曲獎,第35屆金曲獎 評審團獎；第15屆金音 最佳樂團獎；第15屆金音 最佳另類流行歌曲獎,https://www.bamid.gov.tw/News_Content.aspx?n=3539&s=219609；https://www.bamid.gov.tw/News_Content.aspx?n=3539&s=219615；https://www.bamid.gov.tw/News_Content.aspx?n=3548&s=224381；https://www.bamid.gov.tw/News_Content.aspx?n=3548&s=226493,elephant-gym,官方英文名,https://zh.wikipedia.org/wiki/大象體操,英文名／藝名依原始名單欄位「Elephant Gym」
蘇珮卿,,女歌手,國內,第35屆金曲獎 年度專輯獎,,https://www.bamid.gov.tw/News_Content.aspx?n=3539&s=219609,su-pei-qing,音譯,,StreetVoice藝人頁 streetvoice.com/Paigesu/about（衛武營節目介紹亦稱其女歌手）；查無官方英文名或自用羅馬拼音，採漢語拼音音譯
楊乃文,,女歌手,國內,第35屆金曲獎 年度歌曲獎；第35屆金曲獎 最佳華語專輯獎；第35屆金曲獎 年度專輯獎；第35屆金曲獎 最佳華語女歌手獎；第15屆金音 最佳搖滾歌曲獎,,https://www.bamid.gov.tw/News_Content.aspx?n=3539&s=219609；https://www.bamid.gov.tw/News_Content.aspx?n=3548&s=224381,yang-nai-wen,音譯,,查無官方英文名或自用羅馬拼音，採漢語拼音音譯
滅火器,,團體,國內,第35屆金曲獎 年度歌曲獎；第35屆金曲獎 最佳台語專輯獎；第35屆金曲獎 年度專輯獎；第35屆金曲獎 最佳樂團獎,,https://www.bamid.gov.tw/News_Content.aspx?n=3539&s=219609,mie-huo-qi,音譯,,查無官方英文名或自用羅馬拼音，採漢語拼音音譯
告五人,,團體,國內,第35屆金曲獎 年度歌曲獎；第35屆金曲獎 最佳華語專輯獎；第35屆金曲獎 年度專輯獎；第35屆金曲獎 最佳樂團獎；第37屆金曲獎 最佳樂團獎,第35屆金曲獎 年度歌曲獎,https://www.bamid.gov.tw/News_Content.aspx?n=3483&s=255247；https://www.bamid.gov.tw/News_Content.aspx?n=3539&s=219609；https://www.bamid.gov.tw/News_Content.aspx?n=3539&s=219615,gao-wu-ren,音譯,,查無官方英文名或自用羅馬拼音，採漢語拼音音譯
MC HotDog熱狗,,男歌手,國內,第35屆金曲獎 年度歌曲獎；第35屆金曲獎 最佳華語男歌手獎,第35屆金曲獎 最佳華語男歌手獎,https://www.bamid.gov.tw/News_Content.aspx?n=3539&s=219609；https://www.bamid.gov.tw/News_Content.aspx?n=3539&s=219615,mc-hotdog,藝人自用拼音,,藝名中英夾雜，取其自用羅馬字母部分作為識別碼
張惠妹,aMEI,女歌手,國內,第35屆金曲獎 年度歌曲獎；第37屆金曲獎 年度歌曲獎,,https://www.bamid.gov.tw/News_Content.aspx?n=3483&s=255247；https://www.bamid.gov.tw/News_Content.aspx?n=3539&s=219609,amei,官方英文名,https://zh.wikipedia.org/wiki/張惠妹,英文名／藝名依原始名單欄位「aMEI」
許鈞,,男歌手,國外,第35屆金曲獎 最佳華語專輯獎；第35屆金曲獎 年度專輯獎；第35屆金曲獎 最佳華語男歌手獎,,https://www.bamid.gov.tw/News_Content.aspx?n=3539&s=219609,xu-jun,音譯,,查無官方英文名或自用羅馬拼音，採漢語拼音音譯
傻子與白痴,,團體,國內,第35屆金曲獎 最佳華語專輯獎；第35屆金曲獎 年度專輯獎；第35屆金曲獎 最佳樂團獎；第15屆金音 最佳搖滾專輯獎；第15屆金音 最佳搖滾歌曲獎,,https://www.bamid.gov.tw/News_Content.aspx?n=3539&s=219609；https://www.bamid.gov.tw/News_Content.aspx?n=3548&s=224381,sha-zi-yu-bai-chi,音譯,,查無官方英文名或自用羅馬拼音，採漢語拼音音譯
裘德,,男歌手,國外,第35屆金曲獎 最佳華語專輯獎；第35屆金曲獎 年度專輯獎；第35屆金曲獎 最佳華語男歌手獎；第37屆金曲獎 最佳華語專輯獎；第37屆金曲獎 年度專輯獎；第37屆金曲獎 最佳華語男歌手獎,,https://www.bamid.gov.tw/News_Content.aspx?n=3483&s=255247；https://www.bamid.gov.tw/News_Content.aspx?n=3539&s=219609,qiu-de,音譯,,查無官方英文名或自用羅馬拼音，採漢語拼音音譯
鄭平,,男歌手,國內,第35屆金曲獎 最佳台語專輯獎；第35屆金曲獎 年度專輯獎；第35屆金曲獎 最佳台語男歌手獎；第35屆金曲獎 最佳新人獎；第15屆金音 最佳節奏藍調專輯獎,,https://www.bamid.gov.tw/News_Content.aspx?n=3539&s=219609；https://www.bamid.gov.tw/News_Content.aspx?n=3548&s=224381,zheng-ping,音譯,,維基百科消歧義頁列「鄭平(歌手)｜台灣台語男歌手」；查無官方英文名或自用羅馬拼音，採漢語拼音音譯
青虫aoi,,團體,國內,第35屆金曲獎 最佳台語專輯獎；第35屆金曲獎 年度專輯獎,,https://www.bamid.gov.tw/News_Content.aspx?n=3539&s=219609,aoi,藝人自用拼音,,藝名中英夾雜，取其自用羅馬字母部分作為識別碼
巴奈Panai,,女歌手,國內,第35屆金曲獎 最佳台語專輯獎；第35屆金曲獎 年度專輯獎；第35屆金曲獎 最佳台語女歌手獎；第17屆金音 最佳創作歌手獎；第17屆金音 最佳民謠專輯獎；第17屆金音 最佳民謠歌曲獎；第15屆金音 最佳民謠專輯獎；第15屆金音 最佳民謠歌曲獎,第35屆金曲獎 最佳台語專輯獎；第35屆金曲獎 年度專輯獎,https://www.bamid.gov.tw/News_Content.aspx?n=3483&s=261897；https://www.bamid.gov.tw/News_Content.aspx?n=3539&s=219609；https://www.bamid.gov.tw/News_Content.aspx?n=3539&s=219615；https://www.bamid.gov.tw/News_Content.aspx?n=3548&s=224381,panai,藝人自用拼音,,藝名中英夾雜，取其自用羅馬字母部分作為識別碼
熊美玲,,女歌手,國內,第35屆金曲獎 最佳台語專輯獎；第35屆金曲獎 年度專輯獎；第35屆金曲獎 最佳台語女歌手獎,,https://www.bamid.gov.tw/News_Content.aspx?n=3539&s=219609,xiong-mei-ling,音譯,,查無官方英文名或自用羅馬拼音，採漢語拼音音譯
許富凱,,男歌手,國內,第35屆金曲獎 最佳台語專輯獎；第35屆金曲獎 年度專輯獎；第35屆金曲獎 最佳台語男歌手獎,,https://www.bamid.gov.tw/News_Content.aspx?n=3539&s=219609,xu-fu-kai,音譯,,查無官方英文名或自用羅馬拼音，採漢語拼音音譯
林鈺婷,,女歌手,國內,第35屆金曲獎 最佳客語專輯獎；第35屆金曲獎 年度專輯獎；第35屆金曲獎 最佳客語歌手獎；第36屆金曲獎 最佳客語專輯獎；第36屆金曲獎 年度專輯獎；第36屆金曲獎 最佳客語歌手獎,,https://www.bamid.gov.tw/News_Content.aspx?n=3539&s=219609；https://www.bamid.gov.tw/News_Content.aspx?n=3539&s=237430,lin-yu-ting,音譯,,查無官方英文名或自用羅馬拼音，採漢語拼音音譯
葉穎,,女歌手,國內,第35屆金曲獎 最佳客語專輯獎；第35屆金曲獎 年度專輯獎；第35屆金曲獎 最佳客語歌手獎,,https://www.bamid.gov.tw/News_Content.aspx?n=3539&s=219609,ye-ying,音譯,,查無官方英文名或自用羅馬拼音，採漢語拼音音譯
邱淑蟬,,女歌手,國內,第35屆金曲獎 最佳客語專輯獎；第35屆金曲獎 年度專輯獎；第35屆金曲獎 最佳客語歌手獎；第36屆金曲獎 最佳客語專輯獎；第36屆金曲獎 年度專輯獎；第15屆金音 最佳新人獎；第15屆金音 最佳民謠專輯獎；第15屆金音 最佳民謠歌曲獎,第35屆金曲獎 最佳客語專輯獎；第35屆金曲獎 年度專輯獎；第15屆金音 最佳民謠專輯獎,https://www.bamid.gov.tw/News_Content.aspx?n=3539&s=219609；https://www.bamid.gov.tw/News_Content.aspx?n=3539&s=219615；https://www.bamid.gov.tw/News_Content.aspx?n=3539&s=237430；https://www.bamid.gov.tw/News_Content.aspx?n=3548&s=224381；https://www.bamid.gov.tw/News_Content.aspx?n=3548&s=226493,qiu-shu-chan,音譯,,查無官方英文名或自用羅馬拼音，採漢語拼音音譯
柔米,Zoomie,女歌手,國內,第35屆金曲獎 最佳客語專輯獎；第35屆金曲獎 年度專輯獎；第35屆金曲獎 最佳客語歌手獎；第15屆金音 最佳民謠專輯獎；第15屆金音 最佳民謠歌曲獎,第35屆金曲獎 最佳客語歌手獎,https://www.bamid.gov.tw/News_Content.aspx?n=3539&s=219609；https://www.bamid.gov.tw/News_Content.aspx?n=3539&s=219615；https://www.bamid.gov.tw/News_Content.aspx?n=3548&s=224381,zoomie,藝人自用拼音,,英文名／藝名依原始名單欄位「Zoomie」
彭柏邑,,男歌手,國內,第35屆金曲獎 最佳客語專輯獎；第35屆金曲獎 年度專輯獎,,https://www.bamid.gov.tw/News_Content.aspx?n=3539&s=219609,peng-bai-yi,音譯,,查無官方英文名或自用羅馬拼音，採漢語拼音音譯
AZ李孝祖,,男歌手,國內,第35屆金曲獎 最佳原住民語專輯獎；第35屆金曲獎 年度專輯獎,,https://www.bamid.gov.tw/News_Content.aspx?n=3539&s=219609,az,藝人自用拼音,,藝名中英夾雜，取其自用羅馬字母部分作為識別碼
邱立婷,,女歌手,國內,第35屆金曲獎 最佳原住民語專輯獎；第35屆金曲獎 年度專輯獎,,https://www.bamid.gov.tw/News_Content.aspx?n=3539&s=219609,qiu-li-ting,音譯,,查無官方英文名或自用羅馬拼音，採漢語拼音音譯
薩巴太魯閣兒童合唱團,,團體,國內,第35屆金曲獎 最佳原住民語專輯獎；第35屆金曲獎 年度專輯獎,,https://www.bamid.gov.tw/News_Content.aspx?n=3539&s=219609,sa-ba-tai-lu-ge-er-tong-he-chang-tuan,音譯,,查無官方英文名或自用羅馬拼音，採漢語拼音音譯
舞炯恩加以法利得,,男歌手,國內,第35屆金曲獎 最佳原住民語專輯獎；第35屆金曲獎 年度專輯獎；第35屆金曲獎 最佳原住民語歌手獎；第15屆金音 最佳另類流行專輯獎,,https://www.bamid.gov.tw/News_Content.aspx?n=3539&s=219609；https://www.bamid.gov.tw/News_Content.aspx?n=3548&s=224381,wu-jiong-en-jia-yi-fa-li-de,音譯,,查無官方英文名或自用羅馬拼音，採漢語拼音音譯
歐開合唱團,O-Kai Singers,團體,國內,第35屆金曲獎 最佳原住民語專輯獎；第35屆金曲獎 年度專輯獎；第35屆金曲獎 最佳演唱組合獎,第35屆金曲獎 最佳演唱組合獎,https://www.bamid.gov.tw/News_Content.aspx?n=3539&s=219609；https://www.bamid.gov.tw/News_Content.aspx?n=3539&s=219615,o-kai-singers,官方英文名,https://zh.wikipedia.org/wiki/歐開合唱團,英文名／藝名依原始名單欄位「O-Kai Singers」
Makav真愛,,團體,國內,第35屆金曲獎 最佳原住民語專輯獎；第35屆金曲獎 年度專輯獎；第35屆金曲獎 最佳原住民語歌手獎；第35屆金曲獎 最佳新人獎；第15屆金音 最佳新人獎；第15屆金音 最佳節奏藍調專輯獎,第35屆金曲獎 最佳原住民語專輯獎；第35屆金曲獎 年度專輯獎；第35屆金曲獎 最佳新人獎,https://www.bamid.gov.tw/News_Content.aspx?n=3539&s=219609；https://www.bamid.gov.tw/News_Content.aspx?n=3539&s=219615；https://www.bamid.gov.tw/News_Content.aspx?n=3548&s=224381,makav,藝人自用拼音,,藝名中英夾雜，取其自用羅馬字母部分作為識別碼
阿洛·卡力亭·巴奇辣,,女歌手,國內,第35屆金曲獎 最佳原住民語專輯獎；第35屆金曲獎 年度專輯獎,,https://www.bamid.gov.tw/News_Content.aspx?n=3539&s=219609,a-luo-ka-li-ting-ba-qi-la,音譯,,查無官方英文名或自用羅馬拼音，採漢語拼音音譯
林俊傑,JJ Lin,男歌手,國外,第35屆金曲獎 最佳華語男歌手獎,,https://www.bamid.gov.tw/News_Content.aspx?n=3539&s=219609,jj-lin,官方英文名,https://zh.wikipedia.org/wiki/林俊傑,英文名／藝名依原始名單欄位「JJ Lin」
Marz23,,男歌手,國內,第35屆金曲獎 最佳華語男歌手獎,,https://www.bamid.gov.tw/News_Content.aspx?n=3539&s=219609,marz23,藝人自用拼音,,藝人本身以羅馬字母／英文為藝名，直接取自入圍名單原名
孫盛希,Shi Shi,女歌手,國內,第35屆金曲獎 最佳華語女歌手獎；第15屆金音 最佳節奏藍調歌曲獎,第35屆金曲獎 最佳華語女歌手獎,https://www.bamid.gov.tw/News_Content.aspx?n=3539&s=219615；https://www.bamid.gov.tw/News_Content.aspx?n=3548&s=224381,shi-shi,藝人自用拼音,,英文名／藝名依原始名單欄位「Shi Shi」
9m88,,女歌手,國內,第35屆金曲獎 最佳華語女歌手獎；第15屆金音 最佳另類流行歌曲獎,,https://www.bamid.gov.tw/News_Content.aspx?n=3539&s=219609；https://www.bamid.gov.tw/News_Content.aspx?n=3548&s=224381,9m88,藝人自用拼音,,藝人本身以羅馬字母／英文為藝名，直接取自入圍名單原名
蘇運瑩,,女歌手,國外,第35屆金曲獎 最佳華語女歌手獎,,https://www.bamid.gov.tw/News_Content.aspx?n=3539&s=219609,su-yun-ying,音譯,,查無官方英文名或自用羅馬拼音，採漢語拼音音譯
袁婭維,,女歌手,國外,第35屆金曲獎 最佳華語女歌手獎,,https://www.bamid.gov.tw/News_Content.aspx?n=3539&s=219609,yuan-ya-wei,音譯,,查無官方英文名或自用羅馬拼音，採漢語拼音音譯
翁立友,,男歌手,國內,第35屆金曲獎 最佳台語男歌手獎,,https://www.bamid.gov.tw/News_Content.aspx?n=3539&s=219609,weng-li-you,音譯,,查無官方英文名或自用羅馬拼音，採漢語拼音音譯
林俊逸,,男歌手,國內,第35屆金曲獎 最佳台語男歌手獎,,https://www.bamid.gov.tw/News_Content.aspx?n=3539&s=219609,lin-jun-yi,音譯,,查無官方英文名或自用羅馬拼音，採漢語拼音音譯
蘇明淵,,男歌手,國內,第35屆金曲獎 最佳台語男歌手獎；第37屆金曲獎 最佳台語專輯獎；第37屆金曲獎 年度專輯獎,第35屆金曲獎 最佳台語男歌手獎,https://www.bamid.gov.tw/News_Content.aspx?n=3483&s=255247；https://www.bamid.gov.tw/News_Content.aspx?n=3539&s=219615,su-ming-yuan,音譯,,查無官方英文名或自用羅馬拼音，採漢語拼音音譯
江惠儀,,女歌手,國內,第35屆金曲獎 最佳台語女歌手獎；第15屆金音 最佳創作歌手獎,,https://www.bamid.gov.tw/News_Content.aspx?n=3539&s=219609；https://www.bamid.gov.tw/News_Content.aspx?n=3548&s=224381,jiang-hui-yi,音譯,,查無官方英文名或自用羅馬拼音，採漢語拼音音譯
黃妃,,女歌手,國內,第35屆金曲獎 最佳台語女歌手獎,第35屆金曲獎 最佳台語女歌手獎,https://www.bamid.gov.tw/News_Content.aspx?n=3539&s=219615,huang-fei,音譯,,查無官方英文名或自用羅馬拼音，採漢語拼音音譯
蔡家蓁,,女歌手,國內,第35屆金曲獎 最佳台語女歌手獎,,https://www.bamid.gov.tw/News_Content.aspx?n=3539&s=219609,cai-jia-zhen,音譯,,查無官方英文名或自用羅馬拼音，採漢語拼音音譯
林沛蕎,Lulu Lin,女歌手,國內,第35屆金曲獎 最佳客語歌手獎,,https://www.bamid.gov.tw/News_Content.aspx?n=3539&s=219609,lulu-lin,藝人自用拼音,,英文名／藝名依原始名單欄位「Lulu Lin」
廣財與老樂手,,團體,國內,第35屆金曲獎 最佳原住民語歌手獎,,https://www.bamid.gov.tw/News_Content.aspx?n=3539&s=219609,guang-cai-yu-lao-le-shou,音譯,,查無官方英文名或自用羅馬拼音，採漢語拼音音譯
雅維·茉芮,,女歌手,國內,第35屆金曲獎 最佳原住民語歌手獎,,https://www.bamid.gov.tw/News_Content.aspx?n=3539&s=219609,ya-wei-mo-rui,音譯,,查無官方英文名或自用羅馬拼音，採漢語拼音音譯
舞思愛,Usay Kawlu,女歌手,國內,第35屆金曲獎 最佳原住民語歌手獎；第15屆金音 最佳民謠歌曲獎,第35屆金曲獎 最佳原住民語歌手獎,https://www.bamid.gov.tw/News_Content.aspx?n=3539&s=219615；https://www.bamid.gov.tw/News_Content.aspx?n=3548&s=224381,usay-kawlu,藝人自用拼音,https://zh.wikipedia.org/wiki/舞思愛,英文名／藝名依原始名單欄位「Usay Kawlu」
露波合唱團,,團體,國內,第35屆金曲獎 最佳樂團獎,,https://www.bamid.gov.tw/News_Content.aspx?n=3539&s=219609,lu-bo-he-chang-tuan,音譯,,查無官方英文名或自用羅馬拼音，採漢語拼音音譯
麋先生,Mixer,團體,國內,第35屆金曲獎 最佳樂團獎,,https://www.bamid.gov.tw/News_Content.aspx?n=3539&s=219609,mixer,官方英文名,https://zh.wikipedia.org/wiki/麋先生,英文名／藝名依原始名單欄位「Mixer」
青虫,,團體,國內,第35屆金曲獎 最佳演唱組合獎,,https://www.bamid.gov.tw/News_Content.aspx?n=3539&s=219609,qing-chong,音譯,,查無官方英文名或自用羅馬拼音，採漢語拼音音譯
尋人啟事,The Wanted,團體,國內,第35屆金曲獎 最佳演唱組合獎,,https://www.bamid.gov.tw/News_Content.aspx?n=3539&s=219609,the-wanted,官方英文名,https://zh.wikipedia.org/wiki/尋人啟事,英文名／藝名依原始名單欄位「The Wanted」
SmashRegz,,團體,國內,第35屆金曲獎 最佳演唱組合獎；第15屆金音 最佳嘻哈專輯獎；第15屆金音 最佳嘻哈歌曲獎,第15屆金音 最佳嘻哈專輯獎,https://www.bamid.gov.tw/News_Content.aspx?n=3539&s=219609；https://www.bamid.gov.tw/News_Content.aspx?n=3548&s=224381；https://www.bamid.gov.tw/News_Content.aspx?n=3548&s=226493,smashregz,藝人自用拼音,,藝人本身以羅馬字母／英文為藝名，直接取自入圍名單原名
Limi,,團體,國內,第35屆金曲獎 最佳演唱組合獎,,https://www.bamid.gov.tw/News_Content.aspx?n=3539&s=219609,limi,藝人自用拼音,,藝人本身以羅馬字母／英文為藝名，直接取自入圍名單原名
鄒序,,男歌手,國內,第35屆金曲獎 最佳新人獎,,https://www.bamid.gov.tw/News_Content.aspx?n=3539&s=219609,zou-xu,音譯,,查無官方英文名或自用羅馬拼音，採漢語拼音音譯
王ADEN,,男歌手,國內,第35屆金曲獎 最佳新人獎,,https://www.bamid.gov.tw/News_Content.aspx?n=3539&s=219609,aden,藝人自用拼音,,藝名中英夾雜，取其自用羅馬字母部分作為識別碼
徐暐翔,Vash Hsu,男歌手,國內,第35屆金曲獎 最佳新人獎,,https://www.bamid.gov.tw/News_Content.aspx?n=3539&s=219609,vash-hsu,藝人自用拼音,https://zh.wikipedia.org/wiki/徐暐翔,英文名／藝名依原始名單欄位「Vash Hsu」
鳳小岳,,男歌手,國內,第35屆金曲獎 最佳新人獎,,https://www.bamid.gov.tw/News_Content.aspx?n=3539&s=219609,feng-xiao-yue,音譯,,查無官方英文名或自用羅馬拼音，採漢語拼音音譯
Jocelyn9.4.0,,女歌手,國內,第35屆金曲獎 最佳新人獎；第17屆金音 最佳節奏藍調專輯獎,,https://www.bamid.gov.tw/News_Content.aspx?n=3483&s=261897；https://www.bamid.gov.tw/News_Content.aspx?n=3539&s=219609,jocelyn9-4-0,藝人自用拼音,,藝人本身以羅馬字母／英文為藝名，直接取自入圍名單原名
李竺芯,,女歌手,國內,第36屆金曲獎 年度專輯獎；第36屆金曲獎 年度歌曲獎；第36屆金曲獎 最佳台語專輯獎；第36屆金曲獎 最佳台語女歌手獎,第36屆金曲獎 年度專輯獎；第36屆金曲獎 最佳台語專輯獎；第36屆金曲獎 最佳台語女歌手獎,https://www.bamid.gov.tw/News_Content.aspx?n=3539&s=237430；https://www.bamid.gov.tw/News_Content.aspx?n=3539&s=239805,li-zhu-xin,音譯,,查無官方英文名或自用羅馬拼音，採漢語拼音音譯
阿布絲·塔娜比瑪,,女歌手,國內,第36屆金曲獎 年度歌曲獎；第36屆金曲獎 最佳原住民語專輯獎；第36屆金曲獎 年度專輯獎；第36屆金曲獎 最佳原住民語歌手獎,,https://www.bamid.gov.tw/News_Content.aspx?n=3539&s=237430,a-bu-si-ta-na-bi-ma,音譯,,查無官方英文名或自用羅馬拼音，採漢語拼音音譯
美秀集團,,團體,國內,第36屆金曲獎 年度歌曲獎；第36屆金曲獎 最佳樂團獎,,https://www.bamid.gov.tw/News_Content.aspx?n=3539&s=237430,mei-xiu-ji-tuan,音譯,,查無官方英文名或自用羅馬拼音，採漢語拼音音譯
盧廣仲,,男歌手,國內,第36屆金曲獎 年度歌曲獎；第37屆金曲獎 最佳華語男歌手獎,,https://www.bamid.gov.tw/News_Content.aspx?n=3483&s=255247；https://www.bamid.gov.tw/News_Content.aspx?n=3539&s=237430,lu-guang-zhong,音譯,,查無官方英文名或自用羅馬拼音，採漢語拼音音譯
謝銘祐,,男歌手,國內,第36屆金曲獎 年度歌曲獎；第36屆金曲獎 最佳台語專輯獎；第36屆金曲獎 年度專輯獎；第36屆金曲獎 最佳台語男歌手獎；第16屆金音 最佳民謠專輯獎；第16屆金音 最佳民謠歌曲獎,,https://www.bamid.gov.tw/News_Content.aspx?n=3539&s=237430；https://www.bamid.gov.tw/News_Content.aspx?n=3548&s=243448,xie-ming-you,音譯,,查無官方英文名或自用羅馬拼音，採漢語拼音音譯
AAA（HYUKOH與落日飛車）,,團體,國外,第36屆金曲獎 年度歌曲獎；第36屆金曲獎 最佳樂團獎,,https://www.bamid.gov.tw/News_Content.aspx?n=3539&s=237430,aaa-hyukoh,藝人自用拼音,,藝名中英夾雜，取其自用羅馬字母部分作為識別碼
Energy,,團體,國內,第36屆金曲獎 年度歌曲獎；第36屆金曲獎 最佳演唱組合獎,第36屆金曲獎 年度歌曲獎,https://www.bamid.gov.tw/News_Content.aspx?n=3539&s=237430；https://www.bamid.gov.tw/News_Content.aspx?n=3539&s=239805,energy,藝人自用拼音,,藝人本身以羅馬字母／英文為藝名，直接取自入圍名單原名
方大同,Khalil Fong,男歌手,國外,第36屆金曲獎 年度歌曲獎；第36屆金曲獎 最佳華語專輯獎；第36屆金曲獎 年度專輯獎；第36屆金曲獎 評審團獎,第36屆金曲獎 評審團獎,https://www.bamid.gov.tw/News_Content.aspx?n=3539&s=237430；https://www.bamid.gov.tw/News_Content.aspx?n=3539&s=239805,khalil-fong,官方英文名,https://zh.wikipedia.org/wiki/方大同,英文名／藝名依原始名單欄位「Khalil Fong」
陳奕迅,Eason Chan,男歌手,國外,第36屆金曲獎 年度歌曲獎,,https://www.bamid.gov.tw/News_Content.aspx?n=3539&s=237430,eason-chan,官方英文名,https://zh.wikipedia.org/wiki/陳奕迅,英文名／藝名依原始名單欄位「Eason Chan」
陳建騏,,男歌手,國內,第36屆金曲獎 最佳華語專輯獎（合輯）,,https://www.bamid.gov.tw/News_Content.aspx?n=3539&s=237430,chen-jian-qi,音譯,,維基百科條目、鏡週刊報導其出櫃過程（男性代名詞）；查無官方英文名或自用羅馬拼音，採漢語拼音音譯
陳綺貞,,女歌手,國內,第36屆金曲獎 最佳華語專輯獎（合輯）,,https://www.bamid.gov.tw/News_Content.aspx?n=3539&s=237430,chen-qi-zhen,音譯,,查無官方英文名或自用羅馬拼音，採漢語拼音音譯
陳珊妮,,女歌手,國內,第36屆金曲獎 最佳華語專輯獎（合輯）,,https://www.bamid.gov.tw/News_Content.aspx?n=3539&s=237430,chen-shan-ni,音譯,,查無官方英文名或自用羅馬拼音，採漢語拼音音譯
曾國宏,,男歌手,國內,第36屆金曲獎 最佳華語專輯獎（合輯）；第17屆金音 最佳創作歌手獎,,https://www.bamid.gov.tw/News_Content.aspx?n=3483&s=261897；https://www.bamid.gov.tw/News_Content.aspx?n=3539&s=237430,ceng-guo-hong,音譯,,查無官方英文名或自用羅馬拼音，採漢語拼音音譯
荒井十一,,男歌手,國外,第36屆金曲獎 最佳華語專輯獎（合輯）,,https://www.bamid.gov.tw/News_Content.aspx?n=3539&s=237430,huang-jing-shi-yi,音譯,,維基百科條目：出生於香港，父親日本人母親香港人（打擊樂手、音樂製作人）；查無官方英文名或自用羅馬拼音，採漢語拼音音譯
洪佩瑜,,女歌手,國內,第36屆金曲獎 最佳華語專輯獎（合輯）；第37屆金曲獎 最佳華語專輯獎；第37屆金曲獎 年度專輯獎；第37屆金曲獎 最佳華語女歌手獎,,https://www.bamid.gov.tw/News_Content.aspx?n=3483&s=255247；https://www.bamid.gov.tw/News_Content.aspx?n=3539&s=237430,hong-pei-yu,音譯,,查無官方英文名或自用羅馬拼音，採漢語拼音音譯
HUSH,,男歌手,國內,第36屆金曲獎 最佳華語專輯獎（合輯）,,https://www.bamid.gov.tw/News_Content.aspx?n=3539&s=237430,hush,藝人自用拼音,,藝人本身以羅馬字母／英文為藝名，直接取自入圍名單原名
康士坦的變化球,,團體,國內,第36屆金曲獎 最佳華語專輯獎（合輯）,,https://www.bamid.gov.tw/News_Content.aspx?n=3539&s=237430,kang-shi-tan-de-bian-hua-qiu,音譯,,查無官方英文名或自用羅馬拼音，採漢語拼音音譯
王心凌,,女歌手,國內,第36屆金曲獎 最佳華語專輯獎（合輯）,,https://www.bamid.gov.tw/News_Content.aspx?n=3539&s=237430,wang-xin-ling,音譯,,查無官方英文名或自用羅馬拼音，採漢語拼音音譯
五月天瑪莎,,男歌手,國內,第36屆金曲獎 最佳華語專輯獎（合輯）,,https://www.bamid.gov.tw/News_Content.aspx?n=3539&s=237430,wu-yue-tian-ma-sha,音譯,,查無官方英文名或自用羅馬拼音，採漢語拼音音譯
黃綺珊,,女歌手,國外,第36屆金曲獎 最佳華語專輯獎（合輯）,,https://www.bamid.gov.tw/News_Content.aspx?n=3539&s=237430,huang-qi-shan,音譯,,查無官方英文名或自用羅馬拼音，採漢語拼音音譯
Ice Paper,,男歌手,國外,第36屆金曲獎 最佳華語專輯獎（合輯）,,https://www.bamid.gov.tw/News_Content.aspx?n=3539&s=237430,ice-paper,藝人自用拼音,,維基百科／百度百科：本名魏然，中國江蘇淮陰男歌手；藝人本身以羅馬字母／英文為藝名，直接取自入圍名單原名
JIHU,,男歌手,國外,第36屆金曲獎 最佳華語專輯獎（合輯）,,https://www.bamid.gov.tw/News_Content.aspx?n=3539&s=237430,jihu,藝人自用拼音,,萌娘/粉絲媒體資料：中國彝族音樂人吉胡；藝人本身以羅馬字母／英文為藝名，直接取自入圍名單原名
KAFE.HU咖啡胡,,男歌手,國外,第36屆金曲獎 最佳華語專輯獎（合輯）,,https://www.bamid.gov.tw/News_Content.aspx?n=3539&s=237430,kafe-hu,藝人自用拼音,,百度百科：本名胡懿，中國四川男歌手；藝名中英夾雜，取其自用羅馬字母部分作為識別碼
李吉吉,Project Ace,男歌手,國外,第36屆金曲獎 最佳華語專輯獎（合輯）,,https://www.bamid.gov.tw/News_Content.aspx?n=3539&s=237430,project-ace,藝人自用拼音,https://streetvoice.com/projectace/,知乎專訪／Project Ace樂團資料：李吉吉為中國大陸樂團Project Ace創始人兼主唱；英文名／藝名依原始名單欄位「Project Ace」
秦四風,,男歌手,國外,第36屆金曲獎 最佳華語專輯獎（合輯）,,https://www.bamid.gov.tw/News_Content.aspx?n=3539&s=237430,qin-si-feng,音譯,,維基百科：中國音樂製作人秦四風（Sedar Chin）；查無官方英文名或自用羅馬拼音，採漢語拼音音譯
圖靈音樂實驗室,,團體,國外,第36屆金曲獎 最佳華語專輯獎（合輯）,,https://www.bamid.gov.tw/News_Content.aspx?n=3539&s=237430,tu-ling-yin-le-shi-yan-shi,音譯,,查無官方英文名或自用羅馬拼音，採漢語拼音音譯
Von Citizen,,團體,國外,第36屆金曲獎 最佳華語專輯獎（合輯）,,https://www.bamid.gov.tw/News_Content.aspx?n=3539&s=237430,von-citizen,藝人自用拼音,,網易雲/Instagram資料：中國廣州前衛金屬樂團Von Citizen；藝人本身以羅馬字母／英文為藝名，直接取自入圍名單原名
王OK,,女歌手,國外,第36屆金曲獎 最佳華語專輯獎（合輯）,,https://www.bamid.gov.tw/News_Content.aspx?n=3539&s=237430,ok,藝人自用拼音,,百度百科：本名王馨，中國陝西西安女歌手；藝名中英夾雜，取其自用羅馬字母部分作為識別碼
鄭楠,,男歌手,國外,第36屆金曲獎 最佳華語專輯獎（合輯）,,https://www.bamid.gov.tw/News_Content.aspx?n=3539&s=237430,zheng-nan,音譯,,維基百科：中國浙江杭州男歌手、音樂製作人；查無官方英文名或自用羅馬拼音，採漢語拼音音譯
張羽涵,Leezi,女歌手,國外,第36屆金曲獎 最佳華語專輯獎（合輯）,,https://www.bamid.gov.tw/News_Content.aspx?n=3539&s=237430,leezi,藝人自用拼音,https://open.spotify.com/artist/4QnehXY8Ydx1WrjY5RY6E8,Spotify/Apple Music藝人頁：中國女歌手Leezi張羽涵；英文名／藝名依原始名單欄位「Leezi」
周雲蓬,,男歌手,國外,第36屆金曲獎 最佳華語專輯獎（合輯）,,https://www.bamid.gov.tw/News_Content.aspx?n=3539&s=237430,zhou-yun-peng,音譯,,查無官方英文名或自用羅馬拼音，採漢語拼音音譯
林憶蓮,Sandy Lam,女歌手,國外,第36屆金曲獎 最佳華語專輯獎（合輯）,,https://www.bamid.gov.tw/News_Content.aspx?n=3539&s=237430,sandy-lam,官方英文名,https://zh.wikipedia.org/wiki/林憶蓮,英文名／藝名依原始名單欄位「Sandy Lam」
王菀之,Ivana Wong,女歌手,國外,第36屆金曲獎 最佳華語專輯獎（合輯）,,https://www.bamid.gov.tw/News_Content.aspx?n=3539&s=237430,ivana-wong,官方英文名,https://zh.wikipedia.org/wiki/王菀之,英文名／藝名依原始名單欄位「Ivana Wong」
李銖銜,James Lee,男歌手,國外,第36屆金曲獎 最佳華語專輯獎（合輯）,,https://www.bamid.gov.tw/News_Content.aspx?n=3539&s=237430,james-lee,官方英文名,https://zh.wikipedia.org/wiki/李銖銜,維基百科：美籍韓裔歌手，曾任Royal Pirates成員（該團為男性團員）；英文名／藝名依原始名單欄位「James Lee」
三隻狗,,待確認,待確認,第36屆金曲獎 最佳華語專輯獎（合輯）,,https://www.bamid.gov.tw/News_Content.aspx?n=3539&s=237430,san-zhi-gou,音譯,,豆瓣百科：《不完全自救手冊》臨時合作案，由許鈞（台灣）、荒井十一（香港）、克昶三人組成，非固定團體，成員國籍不一，本輪暫無法判定單一地區；查無官方英文名或自用羅馬拼音，採漢語拼音音譯
J.Sheon,,男歌手,待確認,第36屆金曲獎 最佳華語專輯獎；第36屆金曲獎 年度專輯獎,,https://www.bamid.gov.tw/News_Content.aspx?n=3539&s=237430,j-sheon,藝人自用拼音,,藝人本身以羅馬字母／英文為藝名，直接取自入圍名單原名
林家謙,Terence Lam,男歌手,國外,第36屆金曲獎 最佳華語專輯獎；第36屆金曲獎 年度專輯獎；第36屆金曲獎 最佳華語男歌手獎,,https://www.bamid.gov.tw/News_Content.aspx?n=3539&s=237430,terence-lam,官方英文名,https://zh.wikipedia.org/wiki/林家謙,英文名／藝名依原始名單欄位「Terence Lam」
呂士軒,,男歌手,國內,第36屆金曲獎 最佳華語專輯獎；第36屆金曲獎 年度專輯獎；第36屆金曲獎 最佳華語男歌手獎；第16屆金音 最佳專輯獎；第16屆金音 最佳嘻哈專輯獎,第36屆金曲獎 最佳華語專輯獎；第36屆金曲獎 年度專輯獎；第36屆金曲獎 最佳華語男歌手獎,https://www.bamid.gov.tw/News_Content.aspx?n=3539&s=239805；https://www.bamid.gov.tw/News_Content.aspx?n=3548&s=243448,lv-shi-xuan,音譯,,查無官方英文名或自用羅馬拼音，採漢語拼音音譯
魏如萱,,女歌手,國內,第36屆金曲獎 最佳華語專輯獎；第36屆金曲獎 年度專輯獎；第36屆金曲獎 最佳華語女歌手獎,第36屆金曲獎 最佳華語女歌手獎,https://www.bamid.gov.tw/News_Content.aspx?n=3539&s=237430；https://www.bamid.gov.tw/News_Content.aspx?n=3539&s=239805,wei-ru-xuan,音譯,,查無官方英文名或自用羅馬拼音，採漢語拼音音譯
楊肅浩,,男歌手,國內,第36屆金曲獎 最佳台語專輯獎；第36屆金曲獎 年度專輯獎；第36屆金曲獎 最佳台語男歌手獎,,https://www.bamid.gov.tw/News_Content.aspx?n=3539&s=237430,yang-su-hao,音譯,,查無官方英文名或自用羅馬拼音，採漢語拼音音譯
FunkyMo,,團體,國內,第36屆金曲獎 最佳台語專輯獎；第36屆金曲獎 年度專輯獎；第36屆金曲獎 最佳台語男歌手獎；第16屆金音 最佳專輯獎；第16屆金音 最佳創作歌手獎,,https://www.bamid.gov.tw/News_Content.aspx?n=3539&s=237430；https://www.bamid.gov.tw/News_Content.aspx?n=3548&s=243448,funkymo,藝人自用拼音,,藝人本身以羅馬字母／英文為藝名，直接取自入圍名單原名
陳以恆,,男歌手,國內,第36屆金曲獎 最佳台語專輯獎；第36屆金曲獎 年度專輯獎；第36屆金曲獎 最佳台語男歌手獎；第16屆金音 最佳節奏藍調專輯獎,第36屆金曲獎 最佳台語專輯獎；第36屆金曲獎 年度專輯獎；第36屆金曲獎 最佳台語男歌手獎,https://www.bamid.gov.tw/News_Content.aspx?n=3539&s=239805；https://www.bamid.gov.tw/News_Content.aspx?n=3548&s=243448,chen-yi-heng,音譯,,查無官方英文名或自用羅馬拼音，採漢語拼音音譯
王彙筑,,女歌手,國內,第36屆金曲獎 最佳台語專輯獎；第36屆金曲獎 年度專輯獎；第36屆金曲獎 最佳台語女歌手獎,,https://www.bamid.gov.tw/News_Content.aspx?n=3539&s=237430,wang-hui-zhu,音譯,,查無官方英文名或自用羅馬拼音，採漢語拼音音譯
秋林,,男歌手,國外,第36屆金曲獎 最佳客語專輯獎；第36屆金曲獎 年度專輯獎；第36屆金曲獎 最佳客語歌手獎,,https://www.bamid.gov.tw/News_Content.aspx?n=3539&s=237430,qiu-lin,音譯,,查無官方英文名或自用羅馬拼音，採漢語拼音音譯
粹垢TRAEGO,,團體,國內,第36屆金曲獎 最佳客語專輯獎；第36屆金曲獎 年度專輯獎；第36屆金曲獎 最佳客語歌手獎,,https://www.bamid.gov.tw/News_Content.aspx?n=3539&s=237430,traego,藝人自用拼音,,藝名中英夾雜，取其自用羅馬字母部分作為識別碼
黃子軒,,男歌手,國內,第36屆金曲獎 最佳客語專輯獎；第36屆金曲獎 年度專輯獎；第36屆金曲獎 最佳客語歌手獎,第36屆金曲獎 最佳客語專輯獎；第36屆金曲獎 年度專輯獎；第36屆金曲獎 最佳客語歌手獎,https://www.bamid.gov.tw/News_Content.aspx?n=3539&s=239805,huang-zi-xuan,音譯,,查無官方英文名或自用羅馬拼音，採漢語拼音音譯
羅思容,,女歌手,國內,第36屆金曲獎 最佳客語專輯獎；第36屆金曲獎 年度專輯獎；第17屆金音 最佳創作歌手獎,,https://www.bamid.gov.tw/News_Content.aspx?n=3483&s=261897；https://www.bamid.gov.tw/News_Content.aspx?n=3539&s=237430,luo-si-rong,音譯,,查無官方英文名或自用羅馬拼音，採漢語拼音音譯
米莎,,女歌手,國內,第36屆金曲獎 最佳客語專輯獎；第36屆金曲獎 年度專輯獎；第36屆金曲獎 最佳客語歌手獎,,https://www.bamid.gov.tw/News_Content.aspx?n=3539&s=237430,mi-sha,音譯,,查無官方英文名或自用羅馬拼音，採漢語拼音音譯
楊淑喻（吉那）,,女歌手,國內,第36屆金曲獎 最佳客語專輯獎；第36屆金曲獎 年度專輯獎,,https://www.bamid.gov.tw/News_Content.aspx?n=3539&s=237430,yang-shu-yu-ji-na,音譯,,查無官方英文名或自用羅馬拼音，採漢語拼音音譯
張淦勛,Giyu Tjuljaviya,男歌手,國內,第36屆金曲獎 最佳原住民語專輯獎；第36屆金曲獎 年度專輯獎；第36屆金曲獎 最佳新人獎；第16屆金音 最佳民謠專輯獎；第16屆金音 最佳民謠歌曲獎,,https://www.bamid.gov.tw/News_Content.aspx?n=3539&s=237430；https://www.bamid.gov.tw/News_Content.aspx?n=3548&s=243448,giyu-tjuljaviya,藝人自用拼音,https://zh.wikipedia.org/wiki/張淦勛,英文名／藝名依原始名單欄位「Giyu Tjuljaviya」
Morikilr孔亞明,,男歌手,國內,第36屆金曲獎 最佳原住民語專輯獎；第36屆金曲獎 年度專輯獎；第36屆金曲獎 最佳原住民語歌手獎,,https://www.bamid.gov.tw/News_Content.aspx?n=3539&s=237430,morikilr,藝人自用拼音,,藝名中英夾雜，取其自用羅馬字母部分作為識別碼
Kumu Basaw姑慕·巴紹,,女歌手,國內,第36屆金曲獎 最佳原住民語專輯獎；第36屆金曲獎 年度專輯獎；第36屆金曲獎 最佳原住民語歌手獎；第36屆金曲獎 最佳新人獎；第16屆金音 最佳節奏藍調歌曲獎,第36屆金曲獎 最佳原住民語專輯獎；第36屆金曲獎 年度專輯獎；第36屆金曲獎 最佳原住民語歌手獎；第16屆金音 最佳節奏藍調歌曲獎,https://www.bamid.gov.tw/News_Content.aspx?n=3483&s=245657；https://www.bamid.gov.tw/News_Content.aspx?n=3539&s=237430；https://www.bamid.gov.tw/News_Content.aspx?n=3539&s=239805,kumu-basaw,藝人自用拼音,,藝名中英夾雜，取其自用羅馬字母部分作為識別碼
桑布伊,Sangpuy,男歌手,國內,第36屆金曲獎 最佳原住民語專輯獎；第36屆金曲獎 年度專輯獎；第36屆金曲獎 最佳原住民語歌手獎,,https://www.bamid.gov.tw/News_Content.aspx?n=3539&s=237430,sangpuy,藝人自用拼音,https://zh.wikipedia.org/wiki/桑布伊,英文名／藝名依原始名單欄位「Sangpuy」
戴曉君Sauljaljui,,女歌手,國內,第36屆金曲獎 最佳原住民語專輯獎；第36屆金曲獎 年度專輯獎；第36屆金曲獎 最佳原住民語歌手獎；第16屆金音 最佳專輯獎；第16屆金音 最佳創作歌手獎；第16屆金音 最佳樂手獎；第16屆金音 最佳民謠專輯獎；第16屆金音 最佳民謠歌曲獎,第16屆金音 最佳樂手獎；第16屆金音 最佳民謠專輯獎,https://www.bamid.gov.tw/News_Content.aspx?n=3483&s=245657；https://www.bamid.gov.tw/News_Content.aspx?n=3539&s=237430；https://www.bamid.gov.tw/News_Content.aspx?n=3548&s=243448,sauljaljui,藝人自用拼音,,藝名中英夾雜，取其自用羅馬字母部分作為識別碼
柏霖PoLin,,男歌手,國內,第36屆金曲獎 最佳華語男歌手獎,,https://www.bamid.gov.tw/News_Content.aspx?n=3539&s=237430,polin,藝人自用拼音,,藝名中英夾雜，取其自用羅馬字母部分作為識別碼
蕭煌奇,,男歌手,國內,第36屆金曲獎 最佳華語男歌手獎；第37屆金曲獎 最佳台語專輯獎；第37屆金曲獎 年度專輯獎；第37屆金曲獎 最佳台語男歌手獎,第37屆金曲獎 最佳台語專輯獎；第37屆金曲獎 年度專輯獎；第37屆金曲獎 最佳台語男歌手獎,https://www.bamid.gov.tw/News_Content.aspx?n=3483&s=257991；https://www.bamid.gov.tw/News_Content.aspx?n=3539&s=237430,xiao-huang-qi,音譯,,查無官方英文名或自用羅馬拼音，採漢語拼音音譯
李榮浩,,男歌手,國外,第36屆金曲獎 最佳華語男歌手獎,,https://www.bamid.gov.tw/News_Content.aspx?n=3539&s=237430,li-rong-hao,音譯,,查無官方英文名或自用羅馬拼音，採漢語拼音音譯
蔡健雅,Tanya Chua,女歌手,國外,第36屆金曲獎 最佳華語女歌手獎,,https://www.bamid.gov.tw/News_Content.aspx?n=3539&s=237430,tanya-chua,官方英文名,https://zh.wikipedia.org/wiki/蔡健雅,英文名／藝名依原始名單欄位「Tanya Chua」
戴佩妮,Penny Tai,女歌手,國外,第36屆金曲獎 最佳華語女歌手獎,,https://www.bamid.gov.tw/News_Content.aspx?n=3539&s=237430,penny-tai,官方英文名,https://zh.wikipedia.org/wiki/戴佩妮,英文名／藝名依原始名單欄位「Penny Tai」
陳忻玥,,女歌手,國內,第36屆金曲獎 最佳華語女歌手獎,,https://www.bamid.gov.tw/News_Content.aspx?n=3539&s=237430,chen-xin-yue,音譯,,查無官方英文名或自用羅馬拼音，採漢語拼音音譯
Karencici,,女歌手,國外,第36屆金曲獎 最佳華語女歌手獎；第17屆金音 最佳另類流行專輯獎,,https://www.bamid.gov.tw/News_Content.aspx?n=3483&s=261897；https://www.bamid.gov.tw/News_Content.aspx?n=3539&s=237430,karencici,藝人自用拼音,,藝人本身以羅馬字母／英文為藝名，直接取自入圍名單原名
馬克SAVAGE.M,,男歌手,國內,第36屆金曲獎 最佳台語男歌手獎；第16屆金音 最佳嘻哈專輯獎,,https://www.bamid.gov.tw/News_Content.aspx?n=3539&s=237430；https://www.bamid.gov.tw/News_Content.aspx?n=3548&s=243448,savage-m,藝人自用拼音,,藝名中英夾雜，取其自用羅馬字母部分作為識別碼
蔡秋鳳,Carris Tsai,女歌手,國內,第36屆金曲獎 最佳台語女歌手獎,,https://www.bamid.gov.tw/News_Content.aspx?n=3539&s=237430,carris-tsai,藝人自用拼音,https://zh.wikipedia.org/wiki/蔡秋鳳,英文名／藝名依原始名單欄位「Carris Tsai」
林美秀,,女歌手,國內,第36屆金曲獎 最佳台語女歌手獎,,https://www.bamid.gov.tw/News_Content.aspx?n=3539&s=237430,lin-mei-xiu,音譯,,查無官方英文名或自用羅馬拼音，採漢語拼音音譯
詹雅雯,,女歌手,國內,第36屆金曲獎 最佳台語女歌手獎,,https://www.bamid.gov.tw/News_Content.aspx?n=3539&s=237430,zhan-ya-wen,音譯,,查無官方英文名或自用羅馬拼音，採漢語拼音音譯
曾妮Dremedreman,,女歌手,國內,第36屆金曲獎 最佳原住民語歌手獎；第16屆金音 最佳新人獎,,https://www.bamid.gov.tw/News_Content.aspx?n=3539&s=237430；https://www.bamid.gov.tw/News_Content.aspx?n=3548&s=243448,dremedreman,藝人自用拼音,,藝名中英夾雜，取其自用羅馬字母部分作為識別碼
無妄合作社,,團體,國內,第36屆金曲獎 最佳樂團獎,,https://www.bamid.gov.tw/News_Content.aspx?n=3539&s=237430,wu-wang-he-zuo-she,音譯,,500輯／StreetVoice：台北搖滾樂團，主唱郭力瑋、謝碩元與鼓手林玉組成；查無官方英文名或自用羅馬拼音，採漢語拼音音譯
JADE,,團體,國內,第36屆金曲獎 最佳樂團獎；第15屆金音 最佳搖滾歌曲獎,,https://www.bamid.gov.tw/News_Content.aspx?n=3539&s=237430；https://www.bamid.gov.tw/News_Content.aspx?n=3548&s=224381,jade,藝人自用拼音,,藝人本身以羅馬字母／英文為藝名，直接取自入圍名單原名
TRASH,,團體,國內,第36屆金曲獎 最佳樂團獎；第15屆金音 最佳現場演出獎,第36屆金曲獎 最佳樂團獎,https://www.bamid.gov.tw/News_Content.aspx?n=3539&s=239805；https://www.bamid.gov.tw/News_Content.aspx?n=3548&s=224381,trash,藝人自用拼音,,藝人本身以羅馬字母／英文為藝名，直接取自入圍名單原名
八十八顆芭樂籽,,團體,國內,第36屆金曲獎 最佳樂團獎；第16屆金音 最佳樂團獎；第16屆金音 最佳現場演出獎；第16屆金音 最佳搖滾專輯獎,,https://www.bamid.gov.tw/News_Content.aspx?n=3539&s=237430；https://www.bamid.gov.tw/News_Content.aspx?n=3548&s=243448,ba-shi-ba-ke-ba-le-zi,音譯,,查無官方英文名或自用羅馬拼音，採漢語拼音音譯
恐龍的皮,,團體,國內,第36屆金曲獎 最佳演唱組合獎；第16屆金音 最佳現場演出獎,,https://www.bamid.gov.tw/News_Content.aspx?n=3539&s=237430；https://www.bamid.gov.tw/News_Content.aspx?n=3548&s=243448,kong-long-de-pi,音譯,,查無官方英文名或自用羅馬拼音，採漢語拼音音譯
動力火車,,團體,國內,第36屆金曲獎 最佳演唱組合獎,第36屆金曲獎 最佳演唱組合獎,https://www.bamid.gov.tw/News_Content.aspx?n=3539&s=239805,dong-li-huo-che,音譯,,查無官方英文名或自用羅馬拼音，採漢語拼音音譯
珂拉琪,Collage,團體,國內,第36屆金曲獎 最佳演唱組合獎,,https://www.bamid.gov.tw/News_Content.aspx?n=3539&s=237430,collage,官方英文名,,英文名／藝名依原始名單欄位「Collage」
丹丹猫猫,,團體,國內,第36屆金曲獎 最佳演唱組合獎,,https://www.bamid.gov.tw/News_Content.aspx?n=3539&s=237430,dan-dan-mao-mao,音譯,,查無官方英文名或自用羅馬拼音，採漢語拼音音譯
ATARASHII GAKKO!,,團體,國外,第36屆金曲獎 最佳演唱組合獎,,https://www.bamid.gov.tw/News_Content.aspx?n=3539&s=237430,atarashii-gakko,藝人自用拼音,,藝人本身以羅馬字母／英文為藝名，直接取自入圍名單原名
SherryZ鄭雙雙,,女歌手,國內,第36屆金曲獎 最佳新人獎；第16屆金音 最佳新人獎；第16屆金音 最佳節奏藍調專輯獎；第16屆金音 最佳節奏藍調歌曲獎,,https://www.bamid.gov.tw/News_Content.aspx?n=3539&s=237430；https://www.bamid.gov.tw/News_Content.aspx?n=3548&s=243448,sherryz,藝人自用拼音,,維基百科：本名Sherry Cheng，長年參與台灣選秀節目與樂壇活動；藝名中英夾雜，取其自用羅馬字母部分作為識別碼
someshiit山姆,,男歌手,國內,第36屆金曲獎 最佳新人獎；第16屆金音 最佳嘻哈專輯獎,第36屆金曲獎 最佳新人獎；第16屆金音 最佳嘻哈專輯獎,https://www.bamid.gov.tw/News_Content.aspx?n=3483&s=245657；https://www.bamid.gov.tw/News_Content.aspx?n=3539&s=239805,someshiit,藝人自用拼音,,藝名中英夾雜，取其自用羅馬字母部分作為識別碼
JUD陳泳希,,女歌手,國內,第36屆金曲獎 最佳新人獎,,https://www.bamid.gov.tw/News_Content.aspx?n=3539&s=237430,jud,藝人自用拼音,,藝名中英夾雜，取其自用羅馬字母部分作為識別碼
Andr,,女歌手,國內,第36屆金曲獎 最佳新人獎；第16屆金音 最佳另類流行歌曲獎；第15屆金音 最佳新人獎,,https://www.bamid.gov.tw/News_Content.aspx?n=3539&s=237430；https://www.bamid.gov.tw/News_Content.aspx?n=3548&s=224381；https://www.bamid.gov.tw/News_Content.aspx?n=3548&s=243448,andr,藝人自用拼音,,PlayMusic／GQ Hong Kong報導：台灣Gen Z新星，本名資料未公開但確認為台灣籍女性創作歌手；藝人本身以羅馬字母／英文為藝名，直接取自入圍名單原名
JOLIN蔡依林,,女歌手,國內,第37屆金曲獎 年度專輯獎；第37屆金曲獎 年度歌曲獎；第37屆金曲獎 最佳華語專輯獎；第37屆金曲獎 最佳華語女歌手獎,第37屆金曲獎 年度專輯獎；第37屆金曲獎 最佳華語女歌手獎,https://www.bamid.gov.tw/News_Content.aspx?n=3483&s=255247；https://www.bamid.gov.tw/News_Content.aspx?n=3483&s=257991,jolin,藝人自用拼音,,藝名中英夾雜，取其自用羅馬字母部分作為識別碼
楊世暄,,男歌手,國內,第37屆金曲獎 年度歌曲獎；第17屆金音 最佳搖滾歌曲獎；第17屆金音 最佳民謠歌曲獎,,https://www.bamid.gov.tw/News_Content.aspx?n=3483&s=255247；https://www.bamid.gov.tw/News_Content.aspx?n=3483&s=261897,yang-shi-xuan,音譯,,查無官方英文名或自用羅馬拼音，採漢語拼音音譯
張震嶽,,男歌手,國內,第37屆金曲獎 年度歌曲獎；第37屆金曲獎 最佳華語專輯獎；第37屆金曲獎 年度專輯獎；第37屆金曲獎 最佳華語男歌手獎,第37屆金曲獎 最佳華語專輯獎；第37屆金曲獎 年度專輯獎；第37屆金曲獎 最佳華語男歌手獎,https://www.bamid.gov.tw/News_Content.aspx?n=3483&s=255247；https://www.bamid.gov.tw/News_Content.aspx?n=3483&s=257991,zhang-zhen-yue,音譯,,查無官方英文名或自用羅馬拼音，採漢語拼音音譯
陳小霞,,女歌手,國內,第37屆金曲獎 年度歌曲獎；第37屆金曲獎 評審團獎,第37屆金曲獎 評審團獎,https://www.bamid.gov.tw/News_Content.aspx?n=3483&s=255247；https://www.bamid.gov.tw/News_Content.aspx?n=3483&s=257991,chen-xiao-xia,音譯,,查無官方英文名或自用羅馬拼音，採漢語拼音音譯
陳嫺靜,,女歌手,國內,第37屆金曲獎 年度歌曲獎；第37屆金曲獎 最佳華語女歌手獎；第37屆金曲獎 最佳新人獎；第17屆金音 最佳現場演出獎；第16屆金音 最佳專輯獎；第16屆金音 最佳新人獎；第16屆金音 最佳嘻哈專輯獎；第16屆金音 最佳嘻哈歌曲獎；第16屆金音 最佳節奏藍調歌曲獎；第16屆金音 最佳另類流行專輯獎；第16屆金音 最佳另類流行歌曲獎,第37屆金曲獎 最佳新人獎；第16屆金音 最佳新人獎；第16屆金音 最佳嘻哈歌曲獎；第16屆金音 最佳另類流行專輯獎,https://www.bamid.gov.tw/News_Content.aspx?n=3483&s=245657；https://www.bamid.gov.tw/News_Content.aspx?n=3483&s=255247；https://www.bamid.gov.tw/News_Content.aspx?n=3483&s=257991；https://www.bamid.gov.tw/News_Content.aspx?n=3483&s=261897；https://www.bamid.gov.tw/News_Content.aspx?n=3548&s=243448,chen-xian-jing,音譯,,查無官方英文名或自用羅馬拼音，採漢語拼音音譯
A-Lin,,女歌手,國內,第37屆金曲獎 年度歌曲獎,第37屆金曲獎 年度歌曲獎,https://www.bamid.gov.tw/News_Content.aspx?n=3483&s=257991,a-lin,藝人自用拼音,,藝人本身以羅馬字母／英文為藝名，直接取自入圍名單原名
頑童MJ116,,團體,國內,第37屆金曲獎 最佳華語專輯獎；第37屆金曲獎 年度專輯獎；第37屆金曲獎 最佳演唱組合獎,,https://www.bamid.gov.tw/News_Content.aspx?n=3483&s=255247,mj116,藝人自用拼音,,藝名中英夾雜，取其自用羅馬字母部分作為識別碼
單依純,,女歌手,國外,第37屆金曲獎 最佳華語專輯獎；第37屆金曲獎 年度專輯獎；第37屆金曲獎 最佳華語女歌手獎,,https://www.bamid.gov.tw/News_Content.aspx?n=3483&s=255247,dan-yi-chun,音譯,,查無官方英文名或自用羅馬拼音，採漢語拼音音譯
鄭宜農,,女歌手,國內,第37屆金曲獎 最佳台語專輯獎；第37屆金曲獎 年度專輯獎；第37屆金曲獎 最佳台語女歌手獎；第16屆金音 最佳專輯獎；第16屆金音 最佳創作歌手獎,,https://www.bamid.gov.tw/News_Content.aspx?n=3483&s=255247；https://www.bamid.gov.tw/News_Content.aspx?n=3548&s=243448,zheng-yi-nong,音譯,,查無官方英文名或自用羅馬拼音，採漢語拼音音譯
吳永吉,,男歌手,國內,第37屆金曲獎 最佳台語專輯獎；第37屆金曲獎 年度專輯獎；第37屆金曲獎 最佳台語男歌手獎,,https://www.bamid.gov.tw/News_Content.aspx?n=3483&s=255247,wu-yong-ji,音譯,,查無官方英文名或自用羅馬拼音，採漢語拼音音譯
CJ MiT,,男歌手,國內,第37屆金曲獎 最佳台語專輯獎；第37屆金曲獎 年度專輯獎；第37屆金曲獎 最佳台語男歌手獎；第37屆金曲獎 最佳新人獎,,https://www.bamid.gov.tw/News_Content.aspx?n=3483&s=255247,cj-mit,藝人自用拼音,,NOWnews／公視新聞：本名謝金融，台中出身台語男歌手；藝人本身以羅馬字母／英文為藝名，直接取自入圍名單原名
阿依.羅,,女歌手,國外,第37屆金曲獎 最佳客語專輯獎；第37屆金曲獎 年度專輯獎；第37屆金曲獎 最佳客語歌手獎,,https://www.bamid.gov.tw/News_Content.aspx?n=3483&s=255247,a-yi-luo,音譯,,查無官方英文名或自用羅馬拼音，採漢語拼音音譯
ana,,女歌手,國內,第37屆金曲獎 最佳客語專輯獎；第37屆金曲獎 年度專輯獎；第37屆金曲獎 最佳客語歌手獎；第17屆金音 最佳新人獎,,https://www.bamid.gov.tw/News_Content.aspx?n=3483&s=255247；https://www.bamid.gov.tw/News_Content.aspx?n=3483&s=261897,ana,藝人自用拼音,,客新聞HakkaNews報導：桃園楊梅客家創作者，入圍第37屆金曲最佳客語歌手；藝人本身以羅馬字母／英文為藝名，直接取自入圍名單原名
春麵樂隊,,團體,國內,第37屆金曲獎 最佳客語專輯獎；第37屆金曲獎 年度專輯獎；第37屆金曲獎 最佳客語歌手獎；第17屆金音 最佳民謠專輯獎,,https://www.bamid.gov.tw/News_Content.aspx?n=3483&s=255247；https://www.bamid.gov.tw/News_Content.aspx?n=3483&s=261897,chun-mian-le-dui,音譯,,查無官方英文名或自用羅馬拼音，採漢語拼音音譯
陳以諾Sarah,,女歌手,國外,第37屆金曲獎 最佳客語專輯獎；第37屆金曲獎 年度專輯獎；第37屆金曲獎 最佳客語歌手獎；第37屆金曲獎 最佳新人獎,第37屆金曲獎 最佳客語歌手獎,https://www.bamid.gov.tw/News_Content.aspx?n=3483&s=255247；https://www.bamid.gov.tw/News_Content.aspx?n=3483&s=257991,sarah,藝人自用拼音,,藝名中英夾雜，取其自用羅馬字母部分作為識別碼
黃宇寒,,女歌手,國內,第37屆金曲獎 最佳客語專輯獎；第37屆金曲獎 年度專輯獎；第37屆金曲獎 最佳客語歌手獎,第37屆金曲獎 最佳客語專輯獎；第37屆金曲獎 年度專輯獎,https://www.bamid.gov.tw/News_Content.aspx?n=3483&s=255247；https://www.bamid.gov.tw/News_Content.aspx?n=3483&s=257991,huang-yu-han,音譯,,VERSE／TNL專訪：桃園龍潭客家女性創作歌手；查無官方英文名或自用羅馬拼音，採漢語拼音音譯
漂流出口,,團體,國內,第37屆金曲獎 最佳原住民語專輯獎；第37屆金曲獎 年度專輯獎；第37屆金曲獎 最佳樂團獎；第17屆金音 最佳樂團獎；第17屆金音 最佳搖滾專輯獎,第37屆金曲獎 最佳原住民語專輯獎；第37屆金曲獎 年度專輯獎,https://www.bamid.gov.tw/News_Content.aspx?n=3483&s=255247；https://www.bamid.gov.tw/News_Content.aspx?n=3483&s=257991；https://www.bamid.gov.tw/News_Content.aspx?n=3483&s=261897,piao-liu-chu-kou,音譯,,查無官方英文名或自用羅馬拼音，採漢語拼音音譯
高金龍Lawis Aow,,男歌手,國內,第37屆金曲獎 最佳原住民語專輯獎；第37屆金曲獎 年度專輯獎；第37屆金曲獎 最佳原住民語歌手獎,,https://www.bamid.gov.tw/News_Content.aspx?n=3483&s=255247,lawis-aow,藝人自用拼音,,藝名中英夾雜，取其自用羅馬字母部分作為識別碼
Arase阿拉斯,,男歌手,國內,第37屆金曲獎 最佳原住民語專輯獎；第37屆金曲獎 年度專輯獎；第37屆金曲獎 最佳原住民語歌手獎,,https://www.bamid.gov.tw/News_Content.aspx?n=3483&s=255247,arase,藝人自用拼音,,藝名中英夾雜，取其自用羅馬字母部分作為識別碼
Suming舒米恩,,男歌手,國內,第37屆金曲獎 最佳原住民語專輯獎；第37屆金曲獎 年度專輯獎；第37屆金曲獎 最佳原住民語歌手獎,第37屆金曲獎 最佳原住民語歌手獎,https://www.bamid.gov.tw/News_Content.aspx?n=3483&s=255247；https://www.bamid.gov.tw/News_Content.aspx?n=3483&s=257991,suming,藝人自用拼音,,藝名中英夾雜，取其自用羅馬字母部分作為識別碼
Matzka,,男歌手,國內,第37屆金曲獎 最佳原住民語專輯獎；第37屆金曲獎 年度專輯獎；第37屆金曲獎 最佳原住民語歌手獎,,https://www.bamid.gov.tw/News_Content.aspx?n=3483&s=255247,matzka,藝人自用拼音,,藝人本身以羅馬字母／英文為藝名，直接取自入圍名單原名
鶴The Crane,,男歌手,國內,第37屆金曲獎 年度專輯獎,,https://www.bamid.gov.tw/News_Content.aspx?n=3483&s=255247,the-crane,藝人自用拼音,,VERSE專訪：本名林泰羽，個人創作者非團體，原表列「團體」有誤；藝名中英夾雜，取其自用羅馬字母部分作為識別碼
落日飛車,Sunset Rollercoaster,團體,國內,第37屆金曲獎 年度專輯獎；第37屆金曲獎 最佳樂團獎；第17屆金音 最佳專輯獎；第17屆金音 最佳樂團獎；第17屆金音 最佳另類流行專輯獎；第17屆金音 最佳另類流行歌曲獎,第37屆金曲獎 最佳樂團獎,https://www.bamid.gov.tw/News_Content.aspx?n=3483&s=255247；https://www.bamid.gov.tw/News_Content.aspx?n=3483&s=257991；https://www.bamid.gov.tw/News_Content.aspx?n=3483&s=261897,sunset-rollercoaster,官方英文名,https://zh.wikipedia.org/wiki/落日飛車,英文名／藝名依原始名單欄位「Sunset Rollercoaster」
周湯豪,,男歌手,國內,第37屆金曲獎 最佳華語男歌手獎,,https://www.bamid.gov.tw/News_Content.aspx?n=3483&s=255247,zhou-tang-hao,音譯,,查無官方英文名或自用羅馬拼音，採漢語拼音音譯
Gummy B,,男歌手,國內,第37屆金曲獎 最佳華語男歌手獎；第17屆金音 最佳現場演出獎；第15屆金音 最佳嘻哈專輯獎；第15屆金音 最佳嘻哈歌曲獎,第15屆金音 最佳嘻哈歌曲獎,https://www.bamid.gov.tw/News_Content.aspx?n=3483&s=255247；https://www.bamid.gov.tw/News_Content.aspx?n=3483&s=261897；https://www.bamid.gov.tw/News_Content.aspx?n=3548&s=224381；https://www.bamid.gov.tw/News_Content.aspx?n=3548&s=226493,gummy-b,藝人自用拼音,,維基百科：本名黃立堯，台北男性饒舌歌手；藝人本身以羅馬字母／英文為藝名，直接取自入圍名單原名
彭佳慧,,女歌手,國內,第37屆金曲獎 最佳華語女歌手獎,,https://www.bamid.gov.tw/News_Content.aspx?n=3483&s=255247,peng-jia-hui,音譯,,查無官方英文名或自用羅馬拼音，採漢語拼音音譯
劉艾立,,女歌手,國內,第37屆金曲獎 最佳華語女歌手獎,,https://www.bamid.gov.tw/News_Content.aspx?n=3483&s=255247,erika-liu,藝人自用拼音,https://zh.wikipedia.org/wiki/劉艾立,維基百科：劉艾立（Erika）台灣美國籍女歌手，出身第七屆超級星光大道；查無官方英文名或自用羅馬拼音，採漢語拼音音譯；維基百科：藝名Erika，與另一入圍紀錄「ERIKA劉艾立」很可能為同一人，本輪不合併資料列，slug另加姓氏區隔避免與該列相同
曾瑋中,,男歌手,國內,第37屆金曲獎 最佳台語男歌手獎,,https://www.bamid.gov.tw/News_Content.aspx?n=3483&s=255247,ceng-wei-zhong,音譯,,查無官方英文名或自用羅馬拼音，採漢語拼音音譯
周自從,Since Chou,男歌手,國內,第37屆金曲獎 最佳台語男歌手獎,,https://www.bamid.gov.tw/News_Content.aspx?n=3483&s=255247,since-chou,藝人自用拼音,,英文名／藝名依原始名單欄位「Since Chou」
陳怡婷,,女歌手,國內,第37屆金曲獎 最佳台語女歌手獎,,https://www.bamid.gov.tw/News_Content.aspx?n=3483&s=255247,chen-yi-ting,音譯,,查無官方英文名或自用羅馬拼音，採漢語拼音音譯
秀蘭瑪雅,,女歌手,國內,第37屆金曲獎 最佳台語女歌手獎,,https://www.bamid.gov.tw/News_Content.aspx?n=3483&s=255247,xiu-lan-ma-ya,音譯,,查無官方英文名或自用羅馬拼音，採漢語拼音音譯
白冰冰,,女歌手,國內,第37屆金曲獎 最佳台語女歌手獎,,https://www.bamid.gov.tw/News_Content.aspx?n=3483&s=255247,bai-bing-bing,音譯,,查無官方英文名或自用羅馬拼音，採漢語拼音音譯
PiA吳蓓雅,,女歌手,國內,第37屆金曲獎 最佳台語女歌手獎,第37屆金曲獎 最佳台語女歌手獎,https://www.bamid.gov.tw/News_Content.aspx?n=3483&s=257991,pia,藝人自用拼音,,藝名中英夾雜，取其自用羅馬字母部分作為識別碼
查勞．巴西瓦里,,男歌手,國內,第37屆金曲獎 最佳原住民語歌手獎；第17屆金音 最佳民謠專輯獎,,https://www.bamid.gov.tw/News_Content.aspx?n=3483&s=255247；https://www.bamid.gov.tw/News_Content.aspx?n=3483&s=261897,cha-lao-ba-xi-wa-li,音譯,,原視界／原住民族事典：花蓮阿美族男性音樂人查勞·加麓；查無官方英文名或自用羅馬拼音，採漢語拼音音譯
icyball冰球樂團,,團體,國內,第37屆金曲獎 最佳樂團獎,,https://www.bamid.gov.tw/News_Content.aspx?n=3483&s=255247,icyball,藝人自用拼音,,藝名中英夾雜，取其自用羅馬字母部分作為識別碼
老王樂隊,,團體,國內,第37屆金曲獎 最佳樂團獎；第17屆金音 最佳搖滾歌曲獎,,https://www.bamid.gov.tw/News_Content.aspx?n=3483&s=255247；https://www.bamid.gov.tw/News_Content.aspx?n=3483&s=261897,lao-wang-le-dui,音譯,,查無官方英文名或自用羅馬拼音，採漢語拼音音譯
甜約翰Sweet John,,團體,國內,第37屆金曲獎 最佳樂團獎,,https://www.bamid.gov.tw/News_Content.aspx?n=3483&s=255247,sweet-john,藝人自用拼音,,藝名中英夾雜，取其自用羅馬字母部分作為識別碼
Tizzy Bac,,團體,國內,第37屆金曲獎 最佳樂團獎,,https://www.bamid.gov.tw/News_Content.aspx?n=3483&s=255247,tizzy-bac,藝人自用拼音,,藝人本身以羅馬字母／英文為藝名，直接取自入圍名單原名
GENBLUE幻藍小熊,,團體,國內,第37屆金曲獎 最佳演唱組合獎,第37屆金曲獎 最佳演唱組合獎,https://www.bamid.gov.tw/News_Content.aspx?n=3483&s=257991,genblue,藝人自用拼音,,README既有裁示：團員多數台灣籍、主要活動地在台灣，暫標國內；藝名中英夾雜，取其自用羅馬字母部分作為識別碼
凹與山,,團體,國內,第37屆金曲獎 最佳演唱組合獎,,https://www.bamid.gov.tw/News_Content.aspx?n=3483&s=255247,ao-yu-shan,音譯,,查無官方英文名或自用羅馬拼音，採漢語拼音音譯
椅子樂團,,團體,國內,第37屆金曲獎 最佳演唱組合獎,,https://www.bamid.gov.tw/News_Content.aspx?n=3483&s=255247,yi-zi-le-tuan,音譯,,查無官方英文名或自用羅馬拼音，採漢語拼音音譯
Dac與鄭昭元ZAOYUAN,,團體,國內,第37屆金曲獎 最佳演唱組合獎；第17屆金音 最佳節奏藍調專輯獎；第17屆金音 最佳節奏藍調歌曲獎,,https://www.bamid.gov.tw/News_Content.aspx?n=3483&s=255247；https://www.bamid.gov.tw/News_Content.aspx?n=3483&s=261897,dac-zaoyuan,藝人自用拼音,,PopDaily報導：Dac（張汎宇）與鄭昭元皆為台灣音樂人；藝名中英夾雜，取其自用羅馬字母部分作為識別碼
高真TRU,,男歌手,國內,第37屆金曲獎 最佳新人獎；第17屆金音 最佳新人獎,,https://www.bamid.gov.tw/News_Content.aspx?n=3483&s=255247；https://www.bamid.gov.tw/News_Content.aspx?n=3483&s=261897,tru,藝人自用拼音,,VERSE／NOWnews：本名高正恩，台灣男性創作歌手；藝名中英夾雜，取其自用羅馬字母部分作為識別碼
163braces,,女歌手,國內,第37屆金曲獎 最佳新人獎,,https://www.bamid.gov.tw/News_Content.aspx?n=3483&s=255247,163braces,藝人自用拼音,,維基百科：本名吳朵芸，高雄鳳山台灣創作女歌手（非樂團）；藝人本身以羅馬字母／英文為藝名，直接取自入圍名單原名
JOYCE就以斯,,女歌手,國內,第37屆金曲獎 最佳新人獎,,https://www.bamid.gov.tw/News_Content.aspx?n=3483&s=255247,joyce,藝人自用拼音,,噓星聞／中時報導：2002年生台灣女性創作歌手；藝名中英夾雜，取其自用羅馬字母部分作為識別碼
陳穎達四重奏,,團體,國內,第17屆金音 最佳專輯獎；第17屆金音 最佳爵士專輯獎；第17屆金音 最佳爵士歌曲獎,,https://www.bamid.gov.tw/News_Content.aspx?n=3483&s=261897,chen-ying-da-si-chong-zou,音譯,,查無官方英文名或自用羅馬拼音，採漢語拼音音譯
羊駝小姐,Miss Alpaca,女歌手,國內,第17屆金音 最佳專輯獎；第17屆金音 最佳創作歌手獎；第17屆金音 最佳新人獎；第17屆金音 最佳節奏藍調專輯獎；第17屆金音 最佳節奏藍調歌曲獎；第17屆金音 最佳另類流行歌曲獎,,https://www.bamid.gov.tw/News_Content.aspx?n=3483&s=261897,miss-alpaca,官方英文名,,英文名／藝名依原始名單欄位「Miss Alpaca」
2CHANGE,,男歌手,國內,第17屆金音 最佳專輯獎；第17屆金音 最佳嘻哈專輯獎；第15屆金音 最佳嘻哈專輯獎,,https://www.bamid.gov.tw/News_Content.aspx?n=3483&s=261897；https://www.bamid.gov.tw/News_Content.aspx?n=3548&s=224381,2change,藝人自用拼音,,Blow吹音樂／鏡報報導：台中出身台灣男性饒舌歌手；藝人本身以羅馬字母／英文為藝名，直接取自入圍名單原名
羅妍婷,,女歌手,國內,第17屆金音 最佳專輯獎；第17屆金音 最佳創作歌手獎；第17屆金音 最佳爵士專輯獎；第17屆金音 最佳爵士歌曲獎,,https://www.bamid.gov.tw/News_Content.aspx?n=3483&s=261897,luo-yan-ting,音譯,,衛武營／Blow吹音樂專訪：成大工業設計畢業赴荷蘭修爵士樂的台灣女性爵士歌手；查無官方英文名或自用羅馬拼音，採漢語拼音音譯
COLD DEW,,待確認,待確認,第17屆金音 最佳樂團獎,,https://www.bamid.gov.tw/News_Content.aspx?n=3483&s=261897,cold-dew,藝人自用拼音,,藝人本身以羅馬字母／英文為藝名，直接取自入圍名單原名
淺堤,Tiu Tiu,團體,國內,第17屆金音 最佳樂團獎,,https://www.bamid.gov.tw/News_Content.aspx?n=3483&s=261897,tiu-tiu,藝人自用拼音,https://zh.wikipedia.org/wiki/淺堤,英文名／藝名依原始名單欄位「Tiu Tiu」
Mong Tong夢東,,團體,國內,第17屆金音 最佳樂團獎；第17屆金音 最佳現場演出獎,,https://www.bamid.gov.tw/News_Content.aspx?n=3483&s=261897,mong-tong,藝人自用拼音,,藝名中英夾雜，取其自用羅馬字母部分作為識別碼
Robot Swing,,團體,國內,第17屆金音 最佳樂團獎；第17屆金音 最佳搖滾歌曲獎；第16屆金音 最佳樂團獎；第15屆金音 最佳現場演出獎；第15屆金音 最佳嘻哈歌曲獎,第16屆金音 最佳樂團獎；第15屆金音 最佳現場演出獎,https://www.bamid.gov.tw/News_Content.aspx?n=3483&s=245657；https://www.bamid.gov.tw/News_Content.aspx?n=3483&s=261897；https://www.bamid.gov.tw/News_Content.aspx?n=3548&s=224381；https://www.bamid.gov.tw/News_Content.aspx?n=3548&s=226493,robot-swing,藝人自用拼音,,藝人本身以羅馬字母／英文為藝名，直接取自入圍名單原名
馬尾,,待確認,待確認,第17屆金音 最佳新人獎,,https://www.bamid.gov.tw/News_Content.aspx?n=3483&s=261897,ma-wei,音譯,,查無官方英文名或自用羅馬拼音，採漢語拼音音譯
debloop,,待確認,待確認,第17屆金音 最佳新人獎,,https://www.bamid.gov.tw/News_Content.aspx?n=3483&s=261897,debloop,藝人自用拼音,,藝人本身以羅馬字母／英文為藝名，直接取自入圍名單原名
陳穎達,,待確認,待確認,第17屆金音 最佳樂手獎,,https://www.bamid.gov.tw/News_Content.aspx?n=3483&s=261897,chen-ying-da,音譯,,查無官方英文名或自用羅馬拼音，採漢語拼音音譯
林偉中,,待確認,待確認,第17屆金音 最佳樂手獎,,https://www.bamid.gov.tw/News_Content.aspx?n=3483&s=261897,lin-wei-zhong,音譯,,查無官方英文名或自用羅馬拼音，採漢語拼音音譯
蘇郁涵,,女歌手,國內,第17屆金音 最佳樂手獎；第17屆金音 最佳爵士專輯獎；第17屆金音 最佳爵士歌曲獎；第17屆金音 評審團獎；第15屆金音 最佳樂手獎；第15屆金音 最佳爵士歌曲獎,第17屆金音 評審團獎,https://www.bamid.gov.tw/News_Content.aspx?n=3483&s=261897；https://www.bamid.gov.tw/News_Content.aspx?n=3548&s=224381,su-yu-han,音譯,,查無官方英文名或自用羅馬拼音，採漢語拼音音譯
王品心,,待確認,待確認,第17屆金音 最佳樂手獎；第17屆金音 最佳電音專輯獎；第17屆金音 最佳電音歌曲獎,,https://www.bamid.gov.tw/News_Content.aspx?n=3483&s=261897,wang-pin-xin,音譯,,查無官方英文名或自用羅馬拼音，採漢語拼音音譯
葉俊麟,,待確認,待確認,第17屆金音 最佳樂手獎,,https://www.bamid.gov.tw/News_Content.aspx?n=3483&s=261897,ye-jun-lin,音譯,,查無官方英文名或自用羅馬拼音，採漢語拼音音譯
Brandon Lin,,待確認,待確認,第17屆金音 最佳樂手獎,,https://www.bamid.gov.tw/News_Content.aspx?n=3483&s=261897,brandon-lin,藝人自用拼音,,藝人本身以羅馬字母／英文為藝名，直接取自入圍名單原名
洪惟農,,待確認,待確認,第17屆金音 最佳樂手獎；第16屆金音 最佳樂手獎,,https://www.bamid.gov.tw/News_Content.aspx?n=3483&s=261897；https://www.bamid.gov.tw/News_Content.aspx?n=3548&s=243448,hong-wei-nong,音譯,,查無官方英文名或自用羅馬拼音，採漢語拼音音譯
鄭宇泰,,待確認,待確認,第17屆金音 最佳樂手獎,,https://www.bamid.gov.tw/News_Content.aspx?n=3483&s=261897,zheng-yu-tai,音譯,,查無官方英文名或自用羅馬拼音，採漢語拼音音譯
Flowstrong,,待確認,待確認,第17屆金音 最佳現場演出獎；第17屆金音 最佳嘻哈專輯獎；第15屆金音 最佳新人獎；第15屆金音 最佳嘻哈歌曲獎,,https://www.bamid.gov.tw/News_Content.aspx?n=3483&s=261897；https://www.bamid.gov.tw/News_Content.aspx?n=3548&s=224381,flowstrong,藝人自用拼音,,藝人本身以羅馬字母／英文為藝名，直接取自入圍名單原名
That's My Shhh,,待確認,待確認,第17屆金音 最佳現場演出獎,,https://www.bamid.gov.tw/News_Content.aspx?n=3483&s=261897,thats-my-shhh,藝人自用拼音,,藝人本身以羅馬字母／英文為藝名，直接取自入圍名單原名
聲子蟲,,待確認,待確認,第17屆金音 最佳現場演出獎,,https://www.bamid.gov.tw/News_Content.aspx?n=3483&s=261897,sheng-zi-chong,音譯,,查無官方英文名或自用羅馬拼音，採漢語拼音音譯
C.Holly,,待確認,待確認,第17屆金音 最佳現場演出獎,,https://www.bamid.gov.tw/News_Content.aspx?n=3483&s=261897,c-holly,藝人自用拼音,,藝人本身以羅馬字母／英文為藝名，直接取自入圍名單原名
ena mori,,女歌手,國外,第17屆金音 亞洲創作音樂獎,,https://www.bamid.gov.tw/News_Content.aspx?n=3483&s=261897,ena-mori,藝人自用拼音,,藝人本身以羅馬字母／英文為藝名，直接取自入圍名單原名
KIKI,,待確認,待確認,第17屆金音 亞洲創作音樂獎,,https://www.bamid.gov.tw/News_Content.aspx?n=3483&s=261897,kiki,藝人自用拼音,,藝人本身以羅馬字母／英文為藝名，直接取自入圍名單原名
SHNTI,,待確認,待確認,第17屆金音 亞洲創作音樂獎,,https://www.bamid.gov.tw/News_Content.aspx?n=3483&s=261897,shnti,藝人自用拼音,,藝人本身以羅馬字母／英文為藝名，直接取自入圍名單原名
N.Y.P.D.南洋派對,,團體,待確認,第17屆金音 亞洲創作音樂獎,,https://www.bamid.gov.tw/News_Content.aspx?n=3483&s=261897,n-y-p-d,藝人自用拼音,,藝名中英夾雜，取其自用羅馬字母部分作為識別碼
NAMDO CALLING,,待確認,待確認,第17屆金音 亞洲創作音樂獎,,https://www.bamid.gov.tw/News_Content.aspx?n=3483&s=261897,namdo-calling,藝人自用拼音,,藝人本身以羅馬字母／英文為藝名，直接取自入圍名單原名
deca joins,,團體,國內,第17屆金音 最佳搖滾專輯獎；第15屆金音 最佳現場演出獎,,https://www.bamid.gov.tw/News_Content.aspx?n=3483&s=261897；https://www.bamid.gov.tw/News_Content.aspx?n=3548&s=224381,deca-joins,藝人自用拼音,,藝人本身以羅馬字母／英文為藝名，直接取自入圍名單原名
潑猴,,團體,國內,第17屆金音 最佳搖滾專輯獎,,https://www.bamid.gov.tw/News_Content.aspx?n=3483&s=261897,po-hou,音譯,,維基百科消歧義頁：2001年成立的台灣樂團；查無官方英文名或自用羅馬拼音，採漢語拼音音譯
魚條,,待確認,待確認,第17屆金音 最佳搖滾專輯獎；第17屆金音 最佳搖滾歌曲獎,,https://www.bamid.gov.tw/News_Content.aspx?n=3483&s=261897,yu-tiao,音譯,,查無官方英文名或自用羅馬拼音，採漢語拼音音譯
Acid Brain酸腦,,待確認,待確認,第17屆金音 最佳搖滾專輯獎,,https://www.bamid.gov.tw/News_Content.aspx?n=3483&s=261897,acid-brain,藝人自用拼音,,藝名中英夾雜，取其自用羅馬字母部分作為識別碼
共振效應,,待確認,待確認,第17屆金音 最佳搖滾歌曲獎,,https://www.bamid.gov.tw/News_Content.aspx?n=3483&s=261897,gong-zhen-xiao-ying,音譯,,查無官方英文名或自用羅馬拼音，採漢語拼音音譯
一好．屴夯,,待確認,待確認,第17屆金音 最佳民謠專輯獎；第17屆金音 最佳民謠歌曲獎,,https://www.bamid.gov.tw/News_Content.aspx?n=3483&s=261897,yi-hao-li-hang,音譯,,查無官方英文名或自用羅馬拼音，採漢語拼音音譯
雷擎,,待確認,待確認,第17屆金音 最佳民謠專輯獎,,https://www.bamid.gov.tw/News_Content.aspx?n=3483&s=261897,lei-qing,音譯,,查無官方英文名或自用羅馬拼音，採漢語拼音音譯
凹與山Our Shame,,團體,國內,第17屆金音 最佳民謠歌曲獎,,https://www.bamid.gov.tw/News_Content.aspx?n=3483&s=261897,our-shame,藝人自用拼音,,藝名中英夾雜，取其自用羅馬字母部分作為識別碼
邱舒,,女歌手,國內,第17屆金音 最佳民謠歌曲獎,,https://www.bamid.gov.tw/News_Content.aspx?n=3483&s=261897,qiu-shu,音譯,,查無官方英文名或自用羅馬拼音，採漢語拼音音譯
Lizi栗子,,待確認,待確認,第17屆金音 最佳嘻哈專輯獎,,https://www.bamid.gov.tw/News_Content.aspx?n=3483&s=261897,lizi,藝人自用拼音,,藝名中英夾雜，取其自用羅馬字母部分作為識別碼
蘇裔非,,待確認,待確認,第17屆金音 最佳嘻哈專輯獎,,https://www.bamid.gov.tw/News_Content.aspx?n=3483&s=261897,su-yi-fei,音譯,,查無官方英文名或自用羅馬拼音，採漢語拼音音譯
DCIV柯德維,,待確認,待確認,第17屆金音 最佳嘻哈專輯獎；第17屆金音 最佳嘻哈歌曲獎,,https://www.bamid.gov.tw/News_Content.aspx?n=3483&s=261897,dciv,藝人自用拼音,,藝名中英夾雜，取其自用羅馬字母部分作為識別碼
方品融,,待確認,待確認,第17屆金音 最佳嘻哈歌曲獎,,https://www.bamid.gov.tw/News_Content.aspx?n=3483&s=261897,fang-pin-rong,音譯,,查無官方英文名或自用羅馬拼音，採漢語拼音音譯
Miss Ko葛仲珊,,女歌手,國內,第17屆金音 最佳嘻哈歌曲獎,,https://www.bamid.gov.tw/News_Content.aspx?n=3483&s=261897,miss-ko,藝人自用拼音,,藝名中英夾雜，取其自用羅馬字母部分作為識別碼
吳睿朋,,待確認,待確認,第17屆金音 最佳嘻哈歌曲獎,,https://www.bamid.gov.tw/News_Content.aspx?n=3483&s=261897,wu-rui-peng,音譯,,查無官方英文名或自用羅馬拼音，採漢語拼音音譯
熊仔,,男歌手,國內,第17屆金音 最佳嘻哈歌曲獎,,https://www.bamid.gov.tw/News_Content.aspx?n=3483&s=261897,xiong-zai,音譯,,查無官方英文名或自用羅馬拼音，採漢語拼音音譯
Cicada,,團體,國內,第17屆金音 最佳電音專輯獎,,https://www.bamid.gov.tw/News_Content.aspx?n=3483&s=261897,cicada,藝人自用拼音,,藝人本身以羅馬字母／英文為藝名，直接取自入圍名單原名
undep,,待確認,待確認,第17屆金音 最佳電音專輯獎；第17屆金音 最佳電音歌曲獎,,https://www.bamid.gov.tw/News_Content.aspx?n=3483&s=261897,undep,藝人自用拼音,,藝人本身以羅馬字母／英文為藝名，直接取自入圍名單原名
PROD_CW,,待確認,待確認,第17屆金音 最佳電音專輯獎；第17屆金音 最佳電音歌曲獎,,https://www.bamid.gov.tw/News_Content.aspx?n=3483&s=261897,prod-cw,藝人自用拼音,,藝人本身以羅馬字母／英文為藝名，直接取自入圍名單原名
yyt,,待確認,待確認,第17屆金音 最佳電音歌曲獎,,https://www.bamid.gov.tw/News_Content.aspx?n=3483&s=261897,yyt,藝人自用拼音,,藝人本身以羅馬字母／英文為藝名，直接取自入圍名單原名
A.FLYT,,待確認,待確認,第17屆金音 最佳電音歌曲獎,,https://www.bamid.gov.tw/News_Content.aspx?n=3483&s=261897,a-flyt,藝人自用拼音,,藝人本身以羅馬字母／英文為藝名，直接取自入圍名單原名
TeacheRay,,待確認,待確認,第17屆金音 最佳爵士專輯獎,,https://www.bamid.gov.tw/News_Content.aspx?n=3483&s=261897,teacheray,藝人自用拼音,,藝人本身以羅馬字母／英文為藝名，直接取自入圍名單原名
Falk Bonitz Rafique,,待確認,待確認,第17屆金音 最佳爵士專輯獎；第17屆金音 最佳爵士歌曲獎,,https://www.bamid.gov.tw/News_Content.aspx?n=3483&s=261897,falk-bonitz-rafique,藝人自用拼音,,藝人本身以羅馬字母／英文為藝名，直接取自入圍名單原名
楊易修,,待確認,待確認,第17屆金音 最佳爵士歌曲獎；第17屆金音 最佳另類流行專輯獎,,https://www.bamid.gov.tw/News_Content.aspx?n=3483&s=261897,yang-yi-xiu,音譯,,查無官方英文名或自用羅馬拼音，採漢語拼音音譯
ERIKA劉艾立,,待確認,待確認,第17屆金音 最佳節奏藍調專輯獎,,https://www.bamid.gov.tw/News_Content.aspx?n=3483&s=261897,erika,藝人自用拼音,,藝名中英夾雜，取其自用羅馬字母部分作為識別碼
BRADD,,待確認,待確認,第17屆金音 最佳節奏藍調專輯獎；第17屆金音 最佳節奏藍調歌曲獎；第16屆金音 最佳節奏藍調專輯獎；第16屆金音 最佳另類流行歌曲獎,,https://www.bamid.gov.tw/News_Content.aspx?n=3483&s=261897；https://www.bamid.gov.tw/News_Content.aspx?n=3548&s=243448,bradd,藝人自用拼音,,藝人本身以羅馬字母／英文為藝名，直接取自入圍名單原名
雲端司機,,待確認,待確認,第17屆金音 最佳節奏藍調歌曲獎；第17屆金音 最佳另類流行專輯獎,,https://www.bamid.gov.tw/News_Content.aspx?n=3483&s=261897,yun-duan-si-ji,音譯,,查無官方英文名或自用羅馬拼音，採漢語拼音音譯
Haezee黃瑋昕,,待確認,待確認,第17屆金音 最佳節奏藍調歌曲獎,,https://www.bamid.gov.tw/News_Content.aspx?n=3483&s=261897,haezee,藝人自用拼音,,藝名中英夾雜，取其自用羅馬字母部分作為識別碼
NIO,,待確認,國內,第17屆金音 最佳另類流行專輯獎,,https://www.bamid.gov.tw/News_Content.aspx?n=3483&s=261897,nio,藝人自用拼音,,維基百科消歧義頁：列為「台灣歌手」，惟無獨立條目可確認性別；藝人本身以羅馬字母／英文為藝名，直接取自入圍名單原名
鐘奕安,,待確認,待確認,第17屆金音 最佳另類流行歌曲獎,,https://www.bamid.gov.tw/News_Content.aspx?n=3483&s=261897,zhong-yi-an,音譯,,查無官方英文名或自用羅馬拼音，採漢語拼音音譯
許哲珮,,女歌手,國內,第17屆金音 最佳另類流行歌曲獎,,https://www.bamid.gov.tw/News_Content.aspx?n=3483&s=261897,xu-zhe-pei,音譯,,查無官方英文名或自用羅馬拼音，採漢語拼音音譯
A_Root同根生,,待確認,待確認,第17屆金音 最佳另類流行歌曲獎,,https://www.bamid.gov.tw/News_Content.aspx?n=3483&s=261897,a-root,藝人自用拼音,,藝名中英夾雜，取其自用羅馬字母部分作為識別碼
百合花,,團體,國內,第16屆金音 最佳專輯獎；第16屆金音 最佳樂團獎；第16屆金音 最佳搖滾專輯獎；第16屆金音 最佳搖滾歌曲獎；第16屆金音 最佳另類流行歌曲獎；第16屆金音 評審團獎；第15屆金音 最佳搖滾歌曲獎,第16屆金音 最佳專輯獎；第16屆金音 評審團獎,https://www.bamid.gov.tw/News_Content.aspx?n=3483&s=245657；https://www.bamid.gov.tw/News_Content.aspx?n=3548&s=224381；https://www.bamid.gov.tw/News_Content.aspx?n=3548&s=243448,bai-he-hua,音譯,,查無官方英文名或自用羅馬拼音，採漢語拼音音譯
FUTURE AFTER A SECOND,,待確認,待確認,第16屆金音 最佳樂團獎；第16屆金音 最佳搖滾專輯獎,第16屆金音 最佳搖滾專輯獎,https://www.bamid.gov.tw/News_Content.aspx?n=3483&s=245657；https://www.bamid.gov.tw/News_Content.aspx?n=3548&s=243448,future-after-a-second,藝人自用拼音,,藝人本身以羅馬字母／英文為藝名，直接取自入圍名單原名
貓膽汁,,待確認,待確認,第16屆金音 最佳樂團獎；第16屆金音 最佳搖滾歌曲獎,第16屆金音 最佳搖滾歌曲獎,https://www.bamid.gov.tw/News_Content.aspx?n=3483&s=245657；https://www.bamid.gov.tw/News_Content.aspx?n=3548&s=243448,mao-dan-zhi,音譯,,查無官方英文名或自用羅馬拼音，採漢語拼音音譯
當代電影大師,,團體,國內,第16屆金音 最佳樂團獎；第16屆金音 最佳現場演出獎；第16屆金音 最佳搖滾專輯獎；第16屆金音 最佳搖滾歌曲獎,第16屆金音 最佳現場演出獎,https://www.bamid.gov.tw/News_Content.aspx?n=3483&s=245657；https://www.bamid.gov.tw/News_Content.aspx?n=3548&s=243448,dang-dai-dian-ying-da-shi,音譯,,查無官方英文名或自用羅馬拼音，採漢語拼音音譯
LÜCY,,待確認,待確認,第16屆金音 最佳創作歌手獎；第16屆金音 最佳另類流行專輯獎；第16屆金音 最佳另類流行歌曲獎,第16屆金音 最佳另類流行歌曲獎,https://www.bamid.gov.tw/News_Content.aspx?n=3483&s=245657；https://www.bamid.gov.tw/News_Content.aspx?n=3548&s=243448,lucy,藝人自用拼音,,藝人本身以羅馬字母／英文為藝名，直接取自入圍名單原名
林奕碩,,待確認,待確認,第16屆金音 最佳創作歌手獎,,https://www.bamid.gov.tw/News_Content.aspx?n=3548&s=243448,lin-yi-shuo,音譯,,查無官方英文名或自用羅馬拼音，採漢語拼音音譯
林以樂,,待確認,待確認,第16屆金音 最佳創作歌手獎；第16屆金音 最佳另類流行專輯獎,第16屆金音 最佳創作歌手獎,https://www.bamid.gov.tw/News_Content.aspx?n=3483&s=245657；https://www.bamid.gov.tw/News_Content.aspx?n=3548&s=243448,lin-yi-le,音譯,,查無官方英文名或自用羅馬拼音，採漢語拼音音譯
BRBP,,待確認,待確認,第16屆金音 最佳新人獎；第16屆金音 最佳另類流行專輯獎,,https://www.bamid.gov.tw/News_Content.aspx?n=3548&s=243448,brbp,藝人自用拼音,,藝人本身以羅馬字母／英文為藝名，直接取自入圍名單原名
FTK,,待確認,待確認,第16屆金音 最佳新人獎；第16屆金音 最佳電音專輯獎；第16屆金音 最佳電音歌曲獎,第16屆金音 最佳電音專輯獎；第16屆金音 最佳電音歌曲獎,https://www.bamid.gov.tw/News_Content.aspx?n=3483&s=245657；https://www.bamid.gov.tw/News_Content.aspx?n=3548&s=243448,ftk,藝人自用拼音,,藝人本身以羅馬字母／英文為藝名，直接取自入圍名單原名
Tickle Tickle癢癢,,待確認,待確認,第16屆金音 最佳新人獎,,https://www.bamid.gov.tw/News_Content.aspx?n=3548&s=243448,tickle-tickle,藝人自用拼音,,藝名中英夾雜，取其自用羅馬字母部分作為識別碼
謝明諺,,男歌手,國內,第16屆金音 最佳樂手獎；第16屆金音 最佳爵士專輯獎；第15屆金音 最佳樂手獎；第15屆金音 最佳爵士專輯獎；第15屆金音 最佳爵士歌曲獎,第15屆金音 最佳爵士歌曲獎,https://www.bamid.gov.tw/News_Content.aspx?n=3548&s=224381；https://www.bamid.gov.tw/News_Content.aspx?n=3548&s=226493；https://www.bamid.gov.tw/News_Content.aspx?n=3548&s=243448,xie-ming-yan,音譯,,查無官方英文名或自用羅馬拼音，採漢語拼音音譯
鍾錡,,待確認,待確認,第16屆金音 最佳樂手獎,,https://www.bamid.gov.tw/News_Content.aspx?n=3548&s=243448,zhong-qi,音譯,,查無官方英文名或自用羅馬拼音，採漢語拼音音譯
吳政君,,待確認,國內,第16屆金音 最佳樂手獎,第16屆金音 最佳樂手獎,https://www.bamid.gov.tw/News_Content.aspx?n=3483&s=245657,wu-zheng-jun,音譯,,維基百科：臺灣擊樂演奏家，異境樂團藝術總監；查無官方英文名或自用羅馬拼音，採漢語拼音音譯
黃瑞豐,,男歌手,國內,第16屆金音 最佳樂手獎,第16屆金音 最佳樂手獎,https://www.bamid.gov.tw/News_Content.aspx?n=3483&s=245657,huang-rui-feng,音譯,,維基百科：臺灣爵士鼓演奏家，人稱「台灣鼓王」；查無官方英文名或自用羅馬拼音，採漢語拼音音譯
利惟庸,,待確認,待確認,第16屆金音 最佳樂手獎,,https://www.bamid.gov.tw/News_Content.aspx?n=3548&s=243448,li-wei-yong,音譯,,查無官方英文名或自用羅馬拼音，採漢語拼音音譯
鄭昭元,,待確認,待確認,第16屆金音 最佳樂手獎,,https://www.bamid.gov.tw/News_Content.aspx?n=3548&s=243448,zheng-zhao-yuan,音譯,,查無官方英文名或自用羅馬拼音，採漢語拼音音譯
Leo王,,男歌手,國內,第16屆金音 最佳現場演出獎,,https://www.bamid.gov.tw/News_Content.aspx?n=3548&s=243448,leo,藝人自用拼音,,藝名中英夾雜，取其自用羅馬字母部分作為識別碼
胖虎,,待確認,待確認,第16屆金音 最佳現場演出獎,,https://www.bamid.gov.tw/News_Content.aspx?n=3548&s=243448,pang-hu,音譯,,查無官方英文名或自用羅馬拼音，採漢語拼音音譯
Fat Hamster and KANG New,,待確認,國外,第16屆金音 亞洲創作音樂獎,,https://www.bamid.gov.tw/News_Content.aspx?n=3548&s=243448,fat-hamster-and-kang-new,藝人自用拼音,,藝人本身以羅馬字母／英文為藝名，直接取自入圍名單原名
Jacqui,,待確認,待確認,第16屆金音 亞洲創作音樂獎,,https://www.bamid.gov.tw/News_Content.aspx?n=3548&s=243448,jacqui,藝人自用拼音,,藝人本身以羅馬字母／英文為藝名，直接取自入圍名單原名
Lomba Sihir,,待確認,待確認,第16屆金音 亞洲創作音樂獎,,https://www.bamid.gov.tw/News_Content.aspx?n=3548&s=243448,lomba-sihir,藝人自用拼音,,藝人本身以羅馬字母／英文為藝名，直接取自入圍名單原名
.Feast,,待確認,待確認,第16屆金音 亞洲創作音樂獎,,https://www.bamid.gov.tw/News_Content.aspx?n=3548&s=243448,feast,藝人自用拼音,,藝人本身以羅馬字母／英文為藝名，直接取自入圍名單原名
ELLE SHIMADA,,待確認,待確認,第16屆金音 亞洲創作音樂獎,第16屆金音 亞洲創作音樂獎,https://www.bamid.gov.tw/News_Content.aspx?n=3483&s=245657,elle-shimada,藝人自用拼音,,藝人本身以羅馬字母／英文為藝名，直接取自入圍名單原名
BEYOND CURE病入膏肓,,待確認,待確認,第16屆金音 最佳搖滾專輯獎,,https://www.bamid.gov.tw/News_Content.aspx?n=3548&s=243448,beyond-cure,藝人自用拼音,,藝名中英夾雜，取其自用羅馬字母部分作為識別碼
擊沈女孩DESTROYERS,,待確認,待確認,第16屆金音 最佳搖滾歌曲獎,,https://www.bamid.gov.tw/News_Content.aspx?n=3548&s=243448,destroyers,藝人自用拼音,,藝名中英夾雜，取其自用羅馬字母部分作為識別碼
倒車入庫,,待確認,待確認,第16屆金音 最佳搖滾歌曲獎,,https://www.bamid.gov.tw/News_Content.aspx?n=3548&s=243448,dao-che-ru-ku,音譯,,查無官方英文名或自用羅馬拼音，採漢語拼音音譯
王若琳,Joanna Wang,女歌手,國內,第16屆金音 最佳搖滾歌曲獎；第15屆金音 最佳專輯獎；第15屆金音 最佳創作歌手獎；第15屆金音 最佳另類流行專輯獎；第15屆金音 最佳另類流行歌曲獎,第15屆金音 最佳創作歌手獎,https://www.bamid.gov.tw/News_Content.aspx?n=3548&s=224381；https://www.bamid.gov.tw/News_Content.aspx?n=3548&s=226493；https://www.bamid.gov.tw/News_Content.aspx?n=3548&s=243448,joanna-wang,官方英文名,https://zh.wikipedia.org/wiki/王若琳,英文名／藝名依原始名單欄位「Joanna Wang」
Sapud Kacaw撒部．噶照,,待確認,待確認,第16屆金音 最佳民謠專輯獎,,https://www.bamid.gov.tw/News_Content.aspx?n=3548&s=243448,sapud-kacaw,藝人自用拼音,,藝名中英夾雜，取其自用羅馬字母部分作為識別碼
Naa'u娜塢,,待確認,待確認,第16屆金音 最佳民謠專輯獎,,https://www.bamid.gov.tw/News_Content.aspx?n=3548&s=243448,naau,藝人自用拼音,,藝名中英夾雜，取其自用羅馬字母部分作為識別碼
柯智棠,,男歌手,國內,第16屆金音 最佳民謠歌曲獎,,https://www.bamid.gov.tw/News_Content.aspx?n=3548&s=243448,ke-zhi-tang,音譯,,查無官方英文名或自用羅馬拼音，採漢語拼音音譯
江孟薰,,待確認,待確認,第16屆金音 最佳民謠歌曲獎,第16屆金音 最佳民謠歌曲獎,https://www.bamid.gov.tw/News_Content.aspx?n=3483&s=245657,jiang-meng-xun,音譯,,查無官方英文名或自用羅馬拼音，採漢語拼音音譯
李英宏,,男歌手,國內,第16屆金音 最佳嘻哈專輯獎；第16屆金音 最佳嘻哈歌曲獎,,https://www.bamid.gov.tw/News_Content.aspx?n=3548&s=243448,li-ying-hong,音譯,,查無官方英文名或自用羅馬拼音，採漢語拼音音譯
楊舒雅,,待確認,待確認,第16屆金音 最佳嘻哈歌曲獎,,https://www.bamid.gov.tw/News_Content.aspx?n=3548&s=243448,yang-shu-ya,音譯,,查無官方英文名或自用羅馬拼音，採漢語拼音音譯
KNOWTIS,,待確認,待確認,第16屆金音 最佳嘻哈歌曲獎,,https://www.bamid.gov.tw/News_Content.aspx?n=3548&s=243448,knowtis,藝人自用拼音,,藝人本身以羅馬字母／英文為藝名，直接取自入圍名單原名
PUZZLEMAN,,待確認,待確認,第16屆金音 最佳嘻哈歌曲獎,,https://www.bamid.gov.tw/News_Content.aspx?n=3548&s=243448,puzzleman,藝人自用拼音,,藝人本身以羅馬字母／英文為藝名，直接取自入圍名單原名
CED,,待確認,待確認,第16屆金音 最佳嘻哈歌曲獎,,https://www.bamid.gov.tw/News_Content.aspx?n=3548&s=243448,ced,藝人自用拼音,,藝人本身以羅馬字母／英文為藝名，直接取自入圍名單原名
Wring Out Laura,,待確認,待確認,第16屆金音 最佳電音專輯獎,,https://www.bamid.gov.tw/News_Content.aspx?n=3548&s=243448,wring-out-laura,藝人自用拼音,,藝人本身以羅馬字母／英文為藝名，直接取自入圍名單原名
KbN凱比鳥,,待確認,待確認,第16屆金音 最佳電音專輯獎,,https://www.bamid.gov.tw/News_Content.aspx?n=3548&s=243448,kbn,藝人自用拼音,,藝名中英夾雜，取其自用羅馬字母部分作為識別碼
Oberka,,待確認,待確認,第16屆金音 最佳電音專輯獎；第16屆金音 最佳電音歌曲獎,,https://www.bamid.gov.tw/News_Content.aspx?n=3548&s=243448,oberka,藝人自用拼音,,藝人本身以羅馬字母／英文為藝名，直接取自入圍名單原名
B E N N,,待確認,待確認,第16屆金音 最佳電音歌曲獎,,https://www.bamid.gov.tw/News_Content.aspx?n=3548&s=243448,b-e-n-n,藝人自用拼音,,藝人本身以羅馬字母／英文為藝名，直接取自入圍名單原名
Sonia Calico,,待確認,待確認,第16屆金音 最佳電音歌曲獎,,https://www.bamid.gov.tw/News_Content.aspx?n=3548&s=243448,sonia-calico,藝人自用拼音,,藝人本身以羅馬字母／英文為藝名，直接取自入圍名單原名
富愛子AIKO TOMI,,待確認,待確認,第16屆金音 最佳電音歌曲獎；第16屆金音 最佳另類流行專輯獎,,https://www.bamid.gov.tw/News_Content.aspx?n=3548&s=243448,aiko-tomi,藝人自用拼音,,藝名中英夾雜，取其自用羅馬字母部分作為識別碼
Tracy Yang楊又臻,,女歌手,國內,第16屆金音 最佳爵士專輯獎；第16屆金音 最佳爵士歌曲獎,第16屆金音 最佳爵士專輯獎,https://www.bamid.gov.tw/News_Content.aspx?n=3483&s=245657；https://www.bamid.gov.tw/News_Content.aspx?n=3548&s=243448,tracy-yang,藝人自用拼音,,藝名中英夾雜，取其自用羅馬字母部分作為識別碼
Plutato,,待確認,待確認,第16屆金音 最佳爵士專輯獎；第16屆金音 最佳爵士歌曲獎；第15屆金音 最佳樂團獎；第15屆金音 最佳新人獎；第15屆金音 最佳爵士專輯獎,第16屆金音 最佳爵士歌曲獎；第15屆金音 最佳爵士專輯獎,https://www.bamid.gov.tw/News_Content.aspx?n=3483&s=245657；https://www.bamid.gov.tw/News_Content.aspx?n=3548&s=224381；https://www.bamid.gov.tw/News_Content.aspx?n=3548&s=226493；https://www.bamid.gov.tw/News_Content.aspx?n=3548&s=243448,plutato,藝人自用拼音,,藝人本身以羅馬字母／英文為藝名，直接取自入圍名單原名
陳子彰,,待確認,待確認,第16屆金音 最佳爵士專輯獎；第16屆金音 最佳爵士歌曲獎,,https://www.bamid.gov.tw/News_Content.aspx?n=3548&s=243448,chen-zi-zhang,音譯,,查無官方英文名或自用羅馬拼音，採漢語拼音音譯
古樂樂良春Kuljelje Ljamcun,,待確認,待確認,第16屆金音 最佳爵士歌曲獎,,https://www.bamid.gov.tw/News_Content.aspx?n=3548&s=243448,kuljelje-ljamcun,藝人自用拼音,,藝名中英夾雜，取其自用羅馬字母部分作為識別碼
黃彥斌,,待確認,待確認,第16屆金音 最佳爵士歌曲獎,,https://www.bamid.gov.tw/News_Content.aspx?n=3548&s=243448,huang-yan-bin,音譯,,查無官方英文名或自用羅馬拼音，採漢語拼音音譯
Yufu／陳郁夫,,待確認,待確認,第16屆金音 最佳節奏藍調專輯獎；第16屆金音 最佳節奏藍調歌曲獎,第16屆金音 最佳節奏藍調專輯獎,https://www.bamid.gov.tw/News_Content.aspx?n=3483&s=245657；https://www.bamid.gov.tw/News_Content.aspx?n=3548&s=243448,yufu,藝人自用拼音,,藝名中英夾雜，取其自用羅馬字母部分作為識別碼
YELLOW黃宣,,男歌手,國內,第16屆金音 最佳節奏藍調歌曲獎；第16屆金音 最佳另類流行歌曲獎,,https://www.bamid.gov.tw/News_Content.aspx?n=3548&s=243448,yellow,藝人自用拼音,,藝名中英夾雜，取其自用羅馬字母部分作為識別碼
阿跨面,,男歌手,國內,第15屆金音 最佳專輯獎；第15屆金音 最佳創作歌手獎；第15屆金音 最佳新人獎；第15屆金音 最佳嘻哈專輯獎；第15屆金音 最佳嘻哈歌曲獎,第15屆金音 最佳新人獎,https://www.bamid.gov.tw/News_Content.aspx?n=3548&s=224381；https://www.bamid.gov.tw/News_Content.aspx?n=3548&s=226493,a-kua-mian,音譯,,查無官方英文名或自用羅馬拼音，採漢語拼音音譯
傷心欲絕,,團體,國內,第15屆金音 最佳專輯獎；第15屆金音 最佳樂團獎；第15屆金音 最佳搖滾專輯獎；第15屆金音 最佳搖滾歌曲獎,,https://www.bamid.gov.tw/News_Content.aspx?n=3548&s=224381,shang-xin-yu-jue,音譯,,查無官方英文名或自用羅馬拼音，採漢語拼音音譯
拍謝少年,Sorry Youth,團體,國內,第15屆金音 最佳專輯獎；第15屆金音 最佳樂團獎；第15屆金音 最佳搖滾專輯獎,第15屆金音 最佳搖滾專輯獎,https://www.bamid.gov.tw/News_Content.aspx?n=3548&s=224381；https://www.bamid.gov.tw/News_Content.aspx?n=3548&s=226493,sorry-youth,官方英文名,https://zh.wikipedia.org/wiki/拍謝少年,英文名／藝名依原始名單欄位「Sorry Youth」
布萊梅,,團體,國內,第15屆金音 最佳專輯獎；第15屆金音 最佳樂團獎；第15屆金音 最佳搖滾歌曲獎；第15屆金音 最佳另類流行專輯獎；第15屆金音 最佳另類流行歌曲獎,第15屆金音 最佳專輯獎；第15屆金音 最佳搖滾歌曲獎,https://www.bamid.gov.tw/News_Content.aspx?n=3548&s=224381；https://www.bamid.gov.tw/News_Content.aspx?n=3548&s=226493,bu-lai-mei,音譯,,查無官方英文名或自用羅馬拼音，採漢語拼音音譯
我是機車少女I'mdifficult,,團體,國內,第15屆金音 最佳樂團獎；第15屆金音 最佳另類流行專輯獎；第15屆金音 最佳另類流行歌曲獎,第15屆金音 最佳另類流行專輯獎,https://www.bamid.gov.tw/News_Content.aspx?n=3548&s=224381；https://www.bamid.gov.tw/News_Content.aspx?n=3548&s=226493,imdifficult,藝人自用拼音,,藝名中英夾雜，取其自用羅馬字母部分作為識別碼
Dac,,待確認,待確認,第15屆金音 最佳創作歌手獎；第15屆金音 最佳現場演出獎；第15屆金音 最佳嘻哈專輯獎；第15屆金音 最佳節奏藍調歌曲獎；第15屆金音 最佳另類流行歌曲獎,,https://www.bamid.gov.tw/News_Content.aspx?n=3548&s=224381,dac,藝人自用拼音,,藝人本身以羅馬字母／英文為藝名，直接取自入圍名單原名
劉暐,,待確認,待確認,第15屆金音 最佳創作歌手獎；第15屆金音 最佳民謠專輯獎；第15屆金音 最佳民謠歌曲獎；第15屆金音 評審團獎,第15屆金音 評審團獎,https://www.bamid.gov.tw/News_Content.aspx?n=3548&s=224381；https://www.bamid.gov.tw/News_Content.aspx?n=3548&s=226493,liu-wei,音譯,,查無官方英文名或自用羅馬拼音，採漢語拼音音譯
鄭敬儒,,待確認,待確認,第15屆金音 最佳創作歌手獎,,https://www.bamid.gov.tw/News_Content.aspx?n=3548&s=224381,zheng-jing-ru,音譯,,查無官方英文名或自用羅馬拼音，採漢語拼音音譯
鄭嘉富,,待確認,待確認,第15屆金音 最佳樂手獎,第15屆金音 最佳樂手獎,https://www.bamid.gov.tw/News_Content.aspx?n=3548&s=226493,zheng-jia-fu,音譯,,查無官方英文名或自用羅馬拼音，採漢語拼音音譯
李茂嵩,,待確認,待確認,第15屆金音 最佳樂手獎,第15屆金音 最佳樂手獎,https://www.bamid.gov.tw/News_Content.aspx?n=3548&s=226493,li-mao-song,音譯,,查無官方英文名或自用羅馬拼音，採漢語拼音音譯
柯智豪Blaire Ko,,男歌手,國內,第15屆金音 最佳樂手獎；第15屆金音 最佳民謠專輯獎；第15屆金音 最佳民謠歌曲獎,,https://www.bamid.gov.tw/News_Content.aspx?n=3548&s=224381,blaire-ko,藝人自用拼音,,藝名中英夾雜，取其自用羅馬字母部分作為識別碼
潘子爵,,待確認,待確認,第15屆金音 最佳樂手獎,,https://www.bamid.gov.tw/News_Content.aspx?n=3548&s=224381,pan-zi-jue,音譯,,查無官方英文名或自用羅馬拼音，採漢語拼音音譯
張凱婷,,女歌手,國內,第15屆金音 最佳樂手獎,,https://www.bamid.gov.tw/News_Content.aspx?n=3548&s=224381,zhang-kai-ting,音譯,,查無官方英文名或自用羅馬拼音，採漢語拼音音譯
簡聿民,,待確認,待確認,第15屆金音 最佳樂手獎,第15屆金音 最佳樂手獎,https://www.bamid.gov.tw/News_Content.aspx?n=3548&s=226493,jian-yu-min,音譯,,查無官方英文名或自用羅馬拼音，採漢語拼音音譯
MANDARK,,待確認,待確認,第15屆金音 最佳現場演出獎,,https://www.bamid.gov.tw/News_Content.aspx?n=3548&s=224381,mandark,藝人自用拼音,,藝人本身以羅馬字母／英文為藝名，直接取自入圍名單原名
假日貞操,,待確認,待確認,第15屆金音 亞洲創作音樂獎,,https://www.bamid.gov.tw/News_Content.aspx?n=3548&s=224381,jia-ri-zhen-cao,音譯,,查無官方英文名或自用羅馬拼音，採漢語拼音音譯
黃業圓,,待確認,待確認,第15屆金音 亞洲創作音樂獎,,https://www.bamid.gov.tw/News_Content.aspx?n=3548&s=224381,huang-ye-yuan,音譯,,查無官方英文名或自用羅馬拼音，採漢語拼音音譯
LITE,,待確認,待確認,第15屆金音 亞洲創作音樂獎,,https://www.bamid.gov.tw/News_Content.aspx?n=3548&s=224381,lite,藝人自用拼音,,藝人本身以羅馬字母／英文為藝名，直接取自入圍名單原名
Silica Gel,,團體,國外,第15屆金音 亞洲創作音樂獎,第15屆金音 亞洲創作音樂獎,https://www.bamid.gov.tw/News_Content.aspx?n=3548&s=226493,silica-gel,藝人自用拼音,,藝人本身以羅馬字母／英文為藝名，直接取自入圍名單原名
Age Factory,,待確認,待確認,第15屆金音 亞洲創作音樂獎,,https://www.bamid.gov.tw/News_Content.aspx?n=3548&s=224381,age-factory,藝人自用拼音,,藝人本身以羅馬字母／英文為藝名，直接取自入圍名單原名
NaraBara,,待確認,待確認,第15屆金音 亞洲創作音樂獎,,https://www.bamid.gov.tw/News_Content.aspx?n=3548&s=224381,narabara,藝人自用拼音,,藝人本身以羅馬字母／英文為藝名，直接取自入圍名單原名
溫室雜草,,待確認,待確認,第15屆金音 最佳搖滾專輯獎,,https://www.bamid.gov.tw/News_Content.aspx?n=3548&s=224381,wen-shi-za-cao,音譯,,查無官方英文名或自用羅馬拼音，採漢語拼音音譯
農村武裝青年,,團體,國內,第15屆金音 最佳民謠專輯獎；第15屆金音 最佳民謠歌曲獎,第15屆金音 最佳民謠歌曲獎,https://www.bamid.gov.tw/News_Content.aspx?n=3548&s=224381；https://www.bamid.gov.tw/News_Content.aspx?n=3548&s=226493,nong-cun-wu-zhuang-qing-nian,音譯,,查無官方英文名或自用羅馬拼音，採漢語拼音音譯
wannasleep,,待確認,待確認,第15屆金音 最佳嘻哈專輯獎；第15屆金音 最佳嘻哈歌曲獎,第15屆金音 最佳嘻哈歌曲獎,https://www.bamid.gov.tw/News_Content.aspx?n=3548&s=224381；https://www.bamid.gov.tw/News_Content.aspx?n=3548&s=226493,wannasleep,藝人自用拼音,,藝人本身以羅馬字母／英文為藝名，直接取自入圍名單原名
神經元,,待確認,待確認,第15屆金音 最佳嘻哈歌曲獎,,https://www.bamid.gov.tw/News_Content.aspx?n=3548&s=224381,shen-jing-yuan,音譯,,查無官方英文名或自用羅馬拼音，採漢語拼音音譯
Dizparity,,待確認,待確認,第15屆金音 最佳電音專輯獎；第15屆金音 最佳電音歌曲獎,,https://www.bamid.gov.tw/News_Content.aspx?n=3548&s=224381,dizparity,藝人自用拼音,,藝人本身以羅馬字母／英文為藝名，直接取自入圍名單原名
呂紹淳,,待確認,待確認,第15屆金音 最佳電音專輯獎；第15屆金音 最佳電音歌曲獎,,https://www.bamid.gov.tw/News_Content.aspx?n=3548&s=224381,lv-shao-chun,音譯,,查無官方英文名或自用羅馬拼音，採漢語拼音音譯
Freedom Beat,,待確認,待確認,第15屆金音 最佳電音專輯獎；第15屆金音 最佳電音歌曲獎,,https://www.bamid.gov.tw/News_Content.aspx?n=3548&s=224381,freedom-beat,藝人自用拼音,,藝人本身以羅馬字母／英文為藝名，直接取自入圍名單原名
cheer,,待確認,待確認,第15屆金音 最佳電音專輯獎；第15屆金音 最佳電音歌曲獎,,https://www.bamid.gov.tw/News_Content.aspx?n=3548&s=224381,cheer,藝人自用拼音,,藝人本身以羅馬字母／英文為藝名，直接取自入圍名單原名
笑琴,,待確認,待確認,第15屆金音 最佳電音專輯獎；第15屆金音 最佳電音歌曲獎,第15屆金音 最佳電音專輯獎；第15屆金音 最佳電音歌曲獎,https://www.bamid.gov.tw/News_Content.aspx?n=3548&s=226493,xiao-qin,音譯,,查無官方英文名或自用羅馬拼音，採漢語拼音音譯
幽法,,待確認,待確認,第15屆金音 最佳電音歌曲獎,,https://www.bamid.gov.tw/News_Content.aspx?n=3548&s=224381,you-fa,音譯,,查無官方英文名或自用羅馬拼音，採漢語拼音音譯
魯千千,,待確認,待確認,第15屆金音 最佳爵士專輯獎；第15屆金音 最佳爵士歌曲獎,,https://www.bamid.gov.tw/News_Content.aspx?n=3548&s=224381,lu-qian-qian,音譯,,查無官方英文名或自用羅馬拼音，採漢語拼音音譯
踢霹歐爵士大樂團,,團體,國內,第15屆金音 最佳爵士專輯獎,,https://www.bamid.gov.tw/News_Content.aspx?n=3548&s=224381,ti-pi-ou-jue-shi-da-le-tuan,音譯,,查無官方英文名或自用羅馬拼音，採漢語拼音音譯
林煒翔／Roger Lin,,待確認,待確認,第15屆金音 最佳爵士歌曲獎,,https://www.bamid.gov.tw/News_Content.aspx?n=3548&s=224381,roger-lin,藝人自用拼音,,藝名中英夾雜，取其自用羅馬字母部分作為識別碼
王思雅／Debby Wang,,待確認,待確認,第15屆金音 最佳爵士歌曲獎,,https://www.bamid.gov.tw/News_Content.aspx?n=3548&s=224381,debby-wang,藝人自用拼音,,藝名中英夾雜，取其自用羅馬字母部分作為識別碼
LINION,,待確認,待確認,第15屆金音 最佳節奏藍調專輯獎,,https://www.bamid.gov.tw/News_Content.aspx?n=3548&s=224381,linion,藝人自用拼音,,藝人本身以羅馬字母／英文為藝名，直接取自入圍名單原名
問題總部,,待確認,待確認,第15屆金音 最佳節奏藍調專輯獎；第15屆金音 最佳節奏藍調歌曲獎,第15屆金音 最佳節奏藍調專輯獎,https://www.bamid.gov.tw/News_Content.aspx?n=3548&s=224381；https://www.bamid.gov.tw/News_Content.aspx?n=3548&s=226493,wen-ti-zong-bu,音譯,,查無官方英文名或自用羅馬拼音，採漢語拼音音譯
SOPHY王嘉儀,,女歌手,國內,第15屆金音 最佳節奏藍調歌曲獎；第15屆金音 最佳另類流行專輯獎,,https://www.bamid.gov.tw/News_Content.aspx?n=3548&s=224381,sophy,藝人自用拼音,,藝名中英夾雜，取其自用羅馬字母部分作為識別碼
ØZI,,男歌手,國內,第15屆金音 最佳節奏藍調歌曲獎,第15屆金音 最佳節奏藍調歌曲獎,https://www.bamid.gov.tw/News_Content.aspx?n=3548&s=226493,ozi,藝人自用拼音,,藝人本身以羅馬字母／英文為藝名，直接取自入圍名單原名
