藝人中文名,藝人英文名,類型,地區,入圍紀錄,得獎紀錄,來源網址
草東沒有派對,,團體,國內,第35屆金曲獎 年度專輯獎；第35屆金曲獎 年度歌曲獎；第35屆金曲獎 最佳華語專輯獎；第35屆金曲獎 最佳樂團獎,第35屆金曲獎 年度專輯獎；第35屆金曲獎 最佳華語專輯獎；第35屆金曲獎 最佳樂團獎,https://www.bamid.gov.tw/News_Content.aspx?n=3539&s=219609；https://www.bamid.gov.tw/News_Content.aspx?n=3539&s=219615
大象體操,Elephant Gym,團體,國內,第35屆金曲獎 年度專輯獎；第35屆金曲獎 最佳樂團獎；第35屆金曲獎 評審團獎；第15屆金音 最佳專輯獎；第15屆金音 最佳樂團獎；第15屆金音 最佳搖滾專輯獎；第15屆金音 最佳另類流行歌曲獎,第35屆金曲獎 評審團獎；第15屆金音 最佳樂團獎；第15屆金音 最佳另類流行歌曲獎,https://www.bamid.gov.tw/News_Content.aspx?n=3539&s=219609；https://www.bamid.gov.tw/News_Content.aspx?n=3539&s=219615；https://www.bamid.gov.tw/News_Content.aspx?n=3548&s=224381；https://www.bamid.gov.tw/News_Content.aspx?n=3548&s=226493
蘇珮卿,,待確認,待確認,第35屆金曲獎 年度專輯獎,,https://www.bamid.gov.tw/News_Content.aspx?n=3539&s=219609
楊乃文,,女歌手,國內,第35屆金曲獎 年度歌曲獎；第35屆金曲獎 最佳華語專輯獎；第35屆金曲獎 年度專輯獎；第35屆金曲獎 最佳華語女歌手獎；第15屆金音 最佳搖滾歌曲獎,,https://www.bamid.gov.tw/News_Content.aspx?n=3539&s=219609；https://www.bamid.gov.tw/News_Content.aspx?n=3548&s=224381
滅火器,,團體,國內,第35屆金曲獎 年度歌曲獎；第35屆金曲獎 最佳台語專輯獎；第35屆金曲獎 年度專輯獎；第35屆金曲獎 最佳樂團獎,,https://www.bamid.gov.tw/News_Content.aspx?n=3539&s=219609
告五人,,團體,國內,第35屆金曲獎 年度歌曲獎；第35屆金曲獎 最佳華語專輯獎；第35屆金曲獎 年度專輯獎；第35屆金曲獎 最佳樂團獎；第37屆金曲獎 最佳樂團獎,第35屆金曲獎 年度歌曲獎,https://www.bamid.gov.tw/News_Content.aspx?n=3483&s=255247；https://www.bamid.gov.tw/News_Content.aspx?n=3539&s=219609；https://www.bamid.gov.tw/News_Content.aspx?n=3539&s=219615
MC HotDog熱狗,,男歌手,國內,第35屆金曲獎 年度歌曲獎；第35屆金曲獎 最佳華語男歌手獎,第35屆金曲獎 最佳華語男歌手獎,https://www.bamid.gov.tw/News_Content.aspx?n=3539&s=219609；https://www.bamid.gov.tw/News_Content.aspx?n=3539&s=219615
張惠妹,aMEI,女歌手,國內,第35屆金曲獎 年度歌曲獎；第37屆金曲獎 年度歌曲獎,,https://www.bamid.gov.tw/News_Content.aspx?n=3483&s=255247；https://www.bamid.gov.tw/News_Content.aspx?n=3539&s=219609
許鈞,,男歌手,國外,第35屆金曲獎 最佳華語專輯獎；第35屆金曲獎 年度專輯獎；第35屆金曲獎 最佳華語男歌手獎,,https://www.bamid.gov.tw/News_Content.aspx?n=3539&s=219609
傻子與白痴,,團體,國內,第35屆金曲獎 最佳華語專輯獎；第35屆金曲獎 年度專輯獎；第35屆金曲獎 最佳樂團獎；第15屆金音 最佳搖滾專輯獎；第15屆金音 最佳搖滾歌曲獎,,https://www.bamid.gov.tw/News_Content.aspx?n=3539&s=219609；https://www.bamid.gov.tw/News_Content.aspx?n=3548&s=224381
裘德,,男歌手,國外,第35屆金曲獎 最佳華語專輯獎；第35屆金曲獎 年度專輯獎；第35屆金曲獎 最佳華語男歌手獎；第37屆金曲獎 最佳華語專輯獎；第37屆金曲獎 年度專輯獎；第37屆金曲獎 最佳華語男歌手獎,,https://www.bamid.gov.tw/News_Content.aspx?n=3483&s=255247；https://www.bamid.gov.tw/News_Content.aspx?n=3539&s=219609
鄭平,,待確認,國內,第35屆金曲獎 最佳台語專輯獎；第35屆金曲獎 年度專輯獎；第35屆金曲獎 最佳台語男歌手獎；第35屆金曲獎 最佳新人獎；第15屆金音 最佳節奏藍調專輯獎,,https://www.bamid.gov.tw/News_Content.aspx?n=3539&s=219609；https://www.bamid.gov.tw/News_Content.aspx?n=3548&s=224381
青虫aoi,,團體,國內,第35屆金曲獎 最佳台語專輯獎；第35屆金曲獎 年度專輯獎,,https://www.bamid.gov.tw/News_Content.aspx?n=3539&s=219609
巴奈Panai,,女歌手,國內,第35屆金曲獎 最佳台語專輯獎；第35屆金曲獎 年度專輯獎；第35屆金曲獎 最佳台語女歌手獎；第17屆金音 最佳創作歌手獎；第17屆金音 最佳民謠專輯獎；第17屆金音 最佳民謠歌曲獎；第15屆金音 最佳民謠專輯獎；第15屆金音 最佳民謠歌曲獎,第35屆金曲獎 最佳台語專輯獎；第35屆金曲獎 年度專輯獎,https://www.bamid.gov.tw/News_Content.aspx?n=3483&s=261897；https://www.bamid.gov.tw/News_Content.aspx?n=3539&s=219609；https://www.bamid.gov.tw/News_Content.aspx?n=3539&s=219615；https://www.bamid.gov.tw/News_Content.aspx?n=3548&s=224381
熊美玲,,女歌手,國內,第35屆金曲獎 最佳台語專輯獎；第35屆金曲獎 年度專輯獎；第35屆金曲獎 最佳台語女歌手獎,,https://www.bamid.gov.tw/News_Content.aspx?n=3539&s=219609
許富凱,,男歌手,國內,第35屆金曲獎 最佳台語專輯獎；第35屆金曲獎 年度專輯獎；第35屆金曲獎 最佳台語男歌手獎,,https://www.bamid.gov.tw/News_Content.aspx?n=3539&s=219609
林鈺婷,,女歌手,國內,第35屆金曲獎 最佳客語專輯獎；第35屆金曲獎 年度專輯獎；第35屆金曲獎 最佳客語歌手獎；第36屆金曲獎 最佳客語專輯獎；第36屆金曲獎 年度專輯獎；第36屆金曲獎 最佳客語歌手獎,,https://www.bamid.gov.tw/News_Content.aspx?n=3539&s=219609；https://www.bamid.gov.tw/News_Content.aspx?n=3539&s=237430
葉穎,,女歌手,國內,第35屆金曲獎 最佳客語專輯獎；第35屆金曲獎 年度專輯獎；第35屆金曲獎 最佳客語歌手獎,,https://www.bamid.gov.tw/News_Content.aspx?n=3539&s=219609
邱淑蟬,,女歌手,國內,第35屆金曲獎 最佳客語專輯獎；第35屆金曲獎 年度專輯獎；第35屆金曲獎 最佳客語歌手獎；第36屆金曲獎 最佳客語專輯獎；第36屆金曲獎 年度專輯獎；第15屆金音 最佳新人獎；第15屆金音 最佳民謠專輯獎；第15屆金音 最佳民謠歌曲獎,第35屆金曲獎 最佳客語專輯獎；第35屆金曲獎 年度專輯獎；第15屆金音 最佳民謠專輯獎,https://www.bamid.gov.tw/News_Content.aspx?n=3539&s=219609；https://www.bamid.gov.tw/News_Content.aspx?n=3539&s=219615；https://www.bamid.gov.tw/News_Content.aspx?n=3539&s=237430；https://www.bamid.gov.tw/News_Content.aspx?n=3548&s=224381；https://www.bamid.gov.tw/News_Content.aspx?n=3548&s=226493
柔米,Zoomie,女歌手,國內,第35屆金曲獎 最佳客語專輯獎；第35屆金曲獎 年度專輯獎；第35屆金曲獎 最佳客語歌手獎；第15屆金音 最佳民謠專輯獎；第15屆金音 最佳民謠歌曲獎,第35屆金曲獎 最佳客語歌手獎,https://www.bamid.gov.tw/News_Content.aspx?n=3539&s=219609；https://www.bamid.gov.tw/News_Content.aspx?n=3539&s=219615；https://www.bamid.gov.tw/News_Content.aspx?n=3548&s=224381
彭柏邑,,男歌手,國內,第35屆金曲獎 最佳客語專輯獎；第35屆金曲獎 年度專輯獎,,https://www.bamid.gov.tw/News_Content.aspx?n=3539&s=219609
AZ李孝祖,,男歌手,國內,第35屆金曲獎 最佳原住民語專輯獎；第35屆金曲獎 年度專輯獎,,https://www.bamid.gov.tw/News_Content.aspx?n=3539&s=219609
邱立婷,,女歌手,國內,第35屆金曲獎 最佳原住民語專輯獎；第35屆金曲獎 年度專輯獎,,https://www.bamid.gov.tw/News_Content.aspx?n=3539&s=219609
薩巴太魯閣兒童合唱團,,團體,國內,第35屆金曲獎 最佳原住民語專輯獎；第35屆金曲獎 年度專輯獎,,https://www.bamid.gov.tw/News_Content.aspx?n=3539&s=219609
舞炯恩加以法利得,,男歌手,國內,第35屆金曲獎 最佳原住民語專輯獎；第35屆金曲獎 年度專輯獎；第35屆金曲獎 最佳原住民語歌手獎；第15屆金音 最佳另類流行專輯獎,,https://www.bamid.gov.tw/News_Content.aspx?n=3539&s=219609；https://www.bamid.gov.tw/News_Content.aspx?n=3548&s=224381
歐開合唱團,O-Kai Singers,團體,國內,第35屆金曲獎 最佳原住民語專輯獎；第35屆金曲獎 年度專輯獎；第35屆金曲獎 最佳演唱組合獎,第35屆金曲獎 最佳演唱組合獎,https://www.bamid.gov.tw/News_Content.aspx?n=3539&s=219609；https://www.bamid.gov.tw/News_Content.aspx?n=3539&s=219615
Makav真愛,,團體,國內,第35屆金曲獎 最佳原住民語專輯獎；第35屆金曲獎 年度專輯獎；第35屆金曲獎 最佳原住民語歌手獎；第35屆金曲獎 最佳新人獎；第15屆金音 最佳新人獎；第15屆金音 最佳節奏藍調專輯獎,第35屆金曲獎 最佳原住民語專輯獎；第35屆金曲獎 年度專輯獎；第35屆金曲獎 最佳新人獎,https://www.bamid.gov.tw/News_Content.aspx?n=3539&s=219609；https://www.bamid.gov.tw/News_Content.aspx?n=3539&s=219615；https://www.bamid.gov.tw/News_Content.aspx?n=3548&s=224381
阿洛·卡力亭·巴奇辣,,女歌手,國內,第35屆金曲獎 最佳原住民語專輯獎；第35屆金曲獎 年度專輯獎,,https://www.bamid.gov.tw/News_Content.aspx?n=3539&s=219609
林俊傑,JJ Lin,男歌手,國外,第35屆金曲獎 最佳華語男歌手獎,,https://www.bamid.gov.tw/News_Content.aspx?n=3539&s=219609
Marz23,,男歌手,國內,第35屆金曲獎 最佳華語男歌手獎,,https://www.bamid.gov.tw/News_Content.aspx?n=3539&s=219609
孫盛希,Shi Shi,女歌手,國內,第35屆金曲獎 最佳華語女歌手獎；第15屆金音 最佳節奏藍調歌曲獎,第35屆金曲獎 最佳華語女歌手獎,https://www.bamid.gov.tw/News_Content.aspx?n=3539&s=219615；https://www.bamid.gov.tw/News_Content.aspx?n=3548&s=224381
9m88,,女歌手,國內,第35屆金曲獎 最佳華語女歌手獎；第15屆金音 最佳另類流行歌曲獎,,https://www.bamid.gov.tw/News_Content.aspx?n=3539&s=219609；https://www.bamid.gov.tw/News_Content.aspx?n=3548&s=224381
蘇運瑩,,女歌手,國外,第35屆金曲獎 最佳華語女歌手獎,,https://www.bamid.gov.tw/News_Content.aspx?n=3539&s=219609
袁婭維,,女歌手,國外,第35屆金曲獎 最佳華語女歌手獎,,https://www.bamid.gov.tw/News_Content.aspx?n=3539&s=219609
翁立友,,男歌手,國內,第35屆金曲獎 最佳台語男歌手獎,,https://www.bamid.gov.tw/News_Content.aspx?n=3539&s=219609
林俊逸,,男歌手,國內,第35屆金曲獎 最佳台語男歌手獎,,https://www.bamid.gov.tw/News_Content.aspx?n=3539&s=219609
蘇明淵,,男歌手,國內,第35屆金曲獎 最佳台語男歌手獎；第37屆金曲獎 最佳台語專輯獎；第37屆金曲獎 年度專輯獎,第35屆金曲獎 最佳台語男歌手獎,https://www.bamid.gov.tw/News_Content.aspx?n=3483&s=255247；https://www.bamid.gov.tw/News_Content.aspx?n=3539&s=219615
江惠儀,,女歌手,國內,第35屆金曲獎 最佳台語女歌手獎；第15屆金音 最佳創作歌手獎,,https://www.bamid.gov.tw/News_Content.aspx?n=3539&s=219609；https://www.bamid.gov.tw/News_Content.aspx?n=3548&s=224381
黃妃,,女歌手,國內,第35屆金曲獎 最佳台語女歌手獎,第35屆金曲獎 最佳台語女歌手獎,https://www.bamid.gov.tw/News_Content.aspx?n=3539&s=219615
蔡家蓁,,女歌手,國內,第35屆金曲獎 最佳台語女歌手獎,,https://www.bamid.gov.tw/News_Content.aspx?n=3539&s=219609
林沛蕎,Lulu Lin,女歌手,國內,第35屆金曲獎 最佳客語歌手獎,,https://www.bamid.gov.tw/News_Content.aspx?n=3539&s=219609
廣財與老樂手,,團體,國內,第35屆金曲獎 最佳原住民語歌手獎,,https://www.bamid.gov.tw/News_Content.aspx?n=3539&s=219609
雅維·茉芮,,女歌手,國內,第35屆金曲獎 最佳原住民語歌手獎,,https://www.bamid.gov.tw/News_Content.aspx?n=3539&s=219609
舞思愛,Usay Kawlu,女歌手,國內,第35屆金曲獎 最佳原住民語歌手獎；第15屆金音 最佳民謠歌曲獎,第35屆金曲獎 最佳原住民語歌手獎,https://www.bamid.gov.tw/News_Content.aspx?n=3539&s=219615；https://www.bamid.gov.tw/News_Content.aspx?n=3548&s=224381
露波合唱團,,團體,國內,第35屆金曲獎 最佳樂團獎,,https://www.bamid.gov.tw/News_Content.aspx?n=3539&s=219609
麋先生,Mixer,團體,國內,第35屆金曲獎 最佳樂團獎,,https://www.bamid.gov.tw/News_Content.aspx?n=3539&s=219609
青虫,,團體,國內,第35屆金曲獎 最佳演唱組合獎,,https://www.bamid.gov.tw/News_Content.aspx?n=3539&s=219609
尋人啟事,The Wanted,團體,國內,第35屆金曲獎 最佳演唱組合獎,,https://www.bamid.gov.tw/News_Content.aspx?n=3539&s=219609
SmashRegz,,團體,國內,第35屆金曲獎 最佳演唱組合獎；第15屆金音 最佳嘻哈專輯獎；第15屆金音 最佳嘻哈歌曲獎,第15屆金音 最佳嘻哈專輯獎,https://www.bamid.gov.tw/News_Content.aspx?n=3539&s=219609；https://www.bamid.gov.tw/News_Content.aspx?n=3548&s=224381；https://www.bamid.gov.tw/News_Content.aspx?n=3548&s=226493
Limi,,團體,國內,第35屆金曲獎 最佳演唱組合獎,,https://www.bamid.gov.tw/News_Content.aspx?n=3539&s=219609
鄒序,,男歌手,國內,第35屆金曲獎 最佳新人獎,,https://www.bamid.gov.tw/News_Content.aspx?n=3539&s=219609
王ADEN,,男歌手,國內,第35屆金曲獎 最佳新人獎,,https://www.bamid.gov.tw/News_Content.aspx?n=3539&s=219609
徐暐翔,Vash Hsu,男歌手,國內,第35屆金曲獎 最佳新人獎,,https://www.bamid.gov.tw/News_Content.aspx?n=3539&s=219609
鳳小岳,,男歌手,國內,第35屆金曲獎 最佳新人獎,,https://www.bamid.gov.tw/News_Content.aspx?n=3539&s=219609
Jocelyn9.4.0,,女歌手,國內,第35屆金曲獎 最佳新人獎；第17屆金音 最佳節奏藍調專輯獎,,https://www.bamid.gov.tw/News_Content.aspx?n=3483&s=261897；https://www.bamid.gov.tw/News_Content.aspx?n=3539&s=219609
李竺芯,,女歌手,國內,第36屆金曲獎 年度專輯獎；第36屆金曲獎 年度歌曲獎；第36屆金曲獎 最佳台語專輯獎；第36屆金曲獎 最佳台語女歌手獎,第36屆金曲獎 年度專輯獎；第36屆金曲獎 最佳台語專輯獎；第36屆金曲獎 最佳台語女歌手獎,https://www.bamid.gov.tw/News_Content.aspx?n=3539&s=237430；https://www.bamid.gov.tw/News_Content.aspx?n=3539&s=239805
阿布絲·塔娜比瑪,,女歌手,國內,第36屆金曲獎 年度歌曲獎；第36屆金曲獎 最佳原住民語專輯獎；第36屆金曲獎 年度專輯獎；第36屆金曲獎 最佳原住民語歌手獎,,https://www.bamid.gov.tw/News_Content.aspx?n=3539&s=237430
美秀集團,,團體,國內,第36屆金曲獎 年度歌曲獎；第36屆金曲獎 最佳樂團獎,,https://www.bamid.gov.tw/News_Content.aspx?n=3539&s=237430
盧廣仲,,男歌手,國內,第36屆金曲獎 年度歌曲獎；第37屆金曲獎 最佳華語男歌手獎,,https://www.bamid.gov.tw/News_Content.aspx?n=3483&s=255247；https://www.bamid.gov.tw/News_Content.aspx?n=3539&s=237430
謝銘祐,,男歌手,國內,第36屆金曲獎 年度歌曲獎；第36屆金曲獎 最佳台語專輯獎；第36屆金曲獎 年度專輯獎；第36屆金曲獎 最佳台語男歌手獎；第16屆金音 最佳民謠專輯獎；第16屆金音 最佳民謠歌曲獎,,https://www.bamid.gov.tw/News_Content.aspx?n=3539&s=237430；https://www.bamid.gov.tw/News_Content.aspx?n=3548&s=243448
AAA（HYUKOH與落日飛車）,,團體,國外,第36屆金曲獎 年度歌曲獎；第36屆金曲獎 最佳樂團獎,,https://www.bamid.gov.tw/News_Content.aspx?n=3539&s=237430
Energy,,團體,國內,第36屆金曲獎 年度歌曲獎；第36屆金曲獎 最佳演唱組合獎,第36屆金曲獎 年度歌曲獎,https://www.bamid.gov.tw/News_Content.aspx?n=3539&s=237430；https://www.bamid.gov.tw/News_Content.aspx?n=3539&s=239805
方大同,Khalil Fong,男歌手,國外,第36屆金曲獎 年度歌曲獎；第36屆金曲獎 最佳華語專輯獎；第36屆金曲獎 年度專輯獎；第36屆金曲獎 評審團獎,第36屆金曲獎 評審團獎,https://www.bamid.gov.tw/News_Content.aspx?n=3539&s=237430；https://www.bamid.gov.tw/News_Content.aspx?n=3539&s=239805
陳奕迅,Eason Chan,男歌手,國外,第36屆金曲獎 年度歌曲獎,,https://www.bamid.gov.tw/News_Content.aspx?n=3539&s=237430
陳建騏,,待確認,國內,第36屆金曲獎 最佳華語專輯獎（合輯）,,https://www.bamid.gov.tw/News_Content.aspx?n=3539&s=237430
陳綺貞,,女歌手,國內,第36屆金曲獎 最佳華語專輯獎（合輯）,,https://www.bamid.gov.tw/News_Content.aspx?n=3539&s=237430
陳珊妮,,女歌手,國內,第36屆金曲獎 最佳華語專輯獎（合輯）,,https://www.bamid.gov.tw/News_Content.aspx?n=3539&s=237430
曾國宏,,男歌手,國內,第36屆金曲獎 最佳華語專輯獎（合輯）；第17屆金音 最佳創作歌手獎,,https://www.bamid.gov.tw/News_Content.aspx?n=3483&s=261897；https://www.bamid.gov.tw/News_Content.aspx?n=3539&s=237430
荒井十一,,待確認,待確認,第36屆金曲獎 最佳華語專輯獎（合輯）,,https://www.bamid.gov.tw/News_Content.aspx?n=3539&s=237430
洪佩瑜,,女歌手,國內,第36屆金曲獎 最佳華語專輯獎（合輯）；第37屆金曲獎 最佳華語專輯獎；第37屆金曲獎 年度專輯獎；第37屆金曲獎 最佳華語女歌手獎,,https://www.bamid.gov.tw/News_Content.aspx?n=3483&s=255247；https://www.bamid.gov.tw/News_Content.aspx?n=3539&s=237430
HUSH,,男歌手,國內,第36屆金曲獎 最佳華語專輯獎（合輯）,,https://www.bamid.gov.tw/News_Content.aspx?n=3539&s=237430
康士坦的變化球,,團體,國內,第36屆金曲獎 最佳華語專輯獎（合輯）,,https://www.bamid.gov.tw/News_Content.aspx?n=3539&s=237430
王心凌,,女歌手,國內,第36屆金曲獎 最佳華語專輯獎（合輯）,,https://www.bamid.gov.tw/News_Content.aspx?n=3539&s=237430
五月天瑪莎,,男歌手,國內,第36屆金曲獎 最佳華語專輯獎（合輯）,,https://www.bamid.gov.tw/News_Content.aspx?n=3539&s=237430
黃綺珊,,女歌手,國外,第36屆金曲獎 最佳華語專輯獎（合輯）,,https://www.bamid.gov.tw/News_Content.aspx?n=3539&s=237430
Ice Paper,,待確認,國外,第36屆金曲獎 最佳華語專輯獎（合輯）,,https://www.bamid.gov.tw/News_Content.aspx?n=3539&s=237430
JIHU,,待確認,國外,第36屆金曲獎 最佳華語專輯獎（合輯）,,https://www.bamid.gov.tw/News_Content.aspx?n=3539&s=237430
KAFE.HU咖啡胡,,待確認,國外,第36屆金曲獎 最佳華語專輯獎（合輯）,,https://www.bamid.gov.tw/News_Content.aspx?n=3539&s=237430
李吉吉,Project Ace,待確認,國外,第36屆金曲獎 最佳華語專輯獎（合輯）,,https://www.bamid.gov.tw/News_Content.aspx?n=3539&s=237430
秦四風,,待確認,國外,第36屆金曲獎 最佳華語專輯獎（合輯）,,https://www.bamid.gov.tw/News_Content.aspx?n=3539&s=237430
圖靈音樂實驗室,,團體,國外,第36屆金曲獎 最佳華語專輯獎（合輯）,,https://www.bamid.gov.tw/News_Content.aspx?n=3539&s=237430
Von Citizen,,待確認,國外,第36屆金曲獎 最佳華語專輯獎（合輯）,,https://www.bamid.gov.tw/News_Content.aspx?n=3539&s=237430
王OK,,待確認,國外,第36屆金曲獎 最佳華語專輯獎（合輯）,,https://www.bamid.gov.tw/News_Content.aspx?n=3539&s=237430
鄭楠,,待確認,國外,第36屆金曲獎 最佳華語專輯獎（合輯）,,https://www.bamid.gov.tw/News_Content.aspx?n=3539&s=237430
張羽涵,Leezi,待確認,國外,第36屆金曲獎 最佳華語專輯獎（合輯）,,https://www.bamid.gov.tw/News_Content.aspx?n=3539&s=237430
周雲蓬,,男歌手,國外,第36屆金曲獎 最佳華語專輯獎（合輯）,,https://www.bamid.gov.tw/News_Content.aspx?n=3539&s=237430
林憶蓮,Sandy Lam,女歌手,國外,第36屆金曲獎 最佳華語專輯獎（合輯）,,https://www.bamid.gov.tw/News_Content.aspx?n=3539&s=237430
王菀之,Ivana Wong,女歌手,國外,第36屆金曲獎 最佳華語專輯獎（合輯）,,https://www.bamid.gov.tw/News_Content.aspx?n=3539&s=237430
李銖銜,James Lee,待確認,國外,第36屆金曲獎 最佳華語專輯獎（合輯）,,https://www.bamid.gov.tw/News_Content.aspx?n=3539&s=237430
三隻狗,,待確認,待確認,第36屆金曲獎 最佳華語專輯獎（合輯）,,https://www.bamid.gov.tw/News_Content.aspx?n=3539&s=237430
J.Sheon,,男歌手,待確認,第36屆金曲獎 最佳華語專輯獎；第36屆金曲獎 年度專輯獎,,https://www.bamid.gov.tw/News_Content.aspx?n=3539&s=237430
林家謙,Terence Lam,男歌手,國外,第36屆金曲獎 最佳華語專輯獎；第36屆金曲獎 年度專輯獎；第36屆金曲獎 最佳華語男歌手獎,,https://www.bamid.gov.tw/News_Content.aspx?n=3539&s=237430
呂士軒,,男歌手,國內,第36屆金曲獎 最佳華語專輯獎；第36屆金曲獎 年度專輯獎；第36屆金曲獎 最佳華語男歌手獎；第16屆金音 最佳專輯獎；第16屆金音 最佳嘻哈專輯獎,第36屆金曲獎 最佳華語專輯獎；第36屆金曲獎 年度專輯獎；第36屆金曲獎 最佳華語男歌手獎,https://www.bamid.gov.tw/News_Content.aspx?n=3539&s=239805；https://www.bamid.gov.tw/News_Content.aspx?n=3548&s=243448
魏如萱,,女歌手,國內,第36屆金曲獎 最佳華語專輯獎；第36屆金曲獎 年度專輯獎；第36屆金曲獎 最佳華語女歌手獎,第36屆金曲獎 最佳華語女歌手獎,https://www.bamid.gov.tw/News_Content.aspx?n=3539&s=237430；https://www.bamid.gov.tw/News_Content.aspx?n=3539&s=239805
楊肅浩,,男歌手,國內,第36屆金曲獎 最佳台語專輯獎；第36屆金曲獎 年度專輯獎；第36屆金曲獎 最佳台語男歌手獎,,https://www.bamid.gov.tw/News_Content.aspx?n=3539&s=237430
FunkyMo,,團體,國內,第36屆金曲獎 最佳台語專輯獎；第36屆金曲獎 年度專輯獎；第36屆金曲獎 最佳台語男歌手獎；第16屆金音 最佳專輯獎；第16屆金音 最佳創作歌手獎,,https://www.bamid.gov.tw/News_Content.aspx?n=3539&s=237430；https://www.bamid.gov.tw/News_Content.aspx?n=3548&s=243448
陳以恆,,男歌手,國內,第36屆金曲獎 最佳台語專輯獎；第36屆金曲獎 年度專輯獎；第36屆金曲獎 最佳台語男歌手獎；第16屆金音 最佳節奏藍調專輯獎,第36屆金曲獎 最佳台語專輯獎；第36屆金曲獎 年度專輯獎；第36屆金曲獎 最佳台語男歌手獎,https://www.bamid.gov.tw/News_Content.aspx?n=3539&s=239805；https://www.bamid.gov.tw/News_Content.aspx?n=3548&s=243448
王彙筑,,女歌手,國內,第36屆金曲獎 最佳台語專輯獎；第36屆金曲獎 年度專輯獎；第36屆金曲獎 最佳台語女歌手獎,,https://www.bamid.gov.tw/News_Content.aspx?n=3539&s=237430
秋林,,男歌手,國外,第36屆金曲獎 最佳客語專輯獎；第36屆金曲獎 年度專輯獎；第36屆金曲獎 最佳客語歌手獎,,https://www.bamid.gov.tw/News_Content.aspx?n=3539&s=237430
粹垢TRAEGO,,團體,國內,第36屆金曲獎 最佳客語專輯獎；第36屆金曲獎 年度專輯獎；第36屆金曲獎 最佳客語歌手獎,,https://www.bamid.gov.tw/News_Content.aspx?n=3539&s=237430
黃子軒,,男歌手,國內,第36屆金曲獎 最佳客語專輯獎；第36屆金曲獎 年度專輯獎；第36屆金曲獎 最佳客語歌手獎,第36屆金曲獎 最佳客語專輯獎；第36屆金曲獎 年度專輯獎；第36屆金曲獎 最佳客語歌手獎,https://www.bamid.gov.tw/News_Content.aspx?n=3539&s=239805
羅思容,,女歌手,國內,第36屆金曲獎 最佳客語專輯獎；第36屆金曲獎 年度專輯獎；第17屆金音 最佳創作歌手獎,,https://www.bamid.gov.tw/News_Content.aspx?n=3483&s=261897；https://www.bamid.gov.tw/News_Content.aspx?n=3539&s=237430
米莎,,女歌手,國內,第36屆金曲獎 最佳客語專輯獎；第36屆金曲獎 年度專輯獎；第36屆金曲獎 最佳客語歌手獎,,https://www.bamid.gov.tw/News_Content.aspx?n=3539&s=237430
楊淑喻（吉那）,,女歌手,國內,第36屆金曲獎 最佳客語專輯獎；第36屆金曲獎 年度專輯獎,,https://www.bamid.gov.tw/News_Content.aspx?n=3539&s=237430
張淦勛,Giyu Tjuljaviya,男歌手,國內,第36屆金曲獎 最佳原住民語專輯獎；第36屆金曲獎 年度專輯獎；第36屆金曲獎 最佳新人獎；第16屆金音 最佳民謠專輯獎；第16屆金音 最佳民謠歌曲獎,,https://www.bamid.gov.tw/News_Content.aspx?n=3539&s=237430；https://www.bamid.gov.tw/News_Content.aspx?n=3548&s=243448
Morikilr孔亞明,,男歌手,國內,第36屆金曲獎 最佳原住民語專輯獎；第36屆金曲獎 年度專輯獎；第36屆金曲獎 最佳原住民語歌手獎,,https://www.bamid.gov.tw/News_Content.aspx?n=3539&s=237430
Kumu Basaw姑慕·巴紹,,女歌手,國內,第36屆金曲獎 最佳原住民語專輯獎；第36屆金曲獎 年度專輯獎；第36屆金曲獎 最佳原住民語歌手獎；第36屆金曲獎 最佳新人獎；第16屆金音 最佳節奏藍調歌曲獎,第36屆金曲獎 最佳原住民語專輯獎；第36屆金曲獎 年度專輯獎；第36屆金曲獎 最佳原住民語歌手獎；第16屆金音 最佳節奏藍調歌曲獎,https://www.bamid.gov.tw/News_Content.aspx?n=3483&s=245657；https://www.bamid.gov.tw/News_Content.aspx?n=3539&s=237430；https://www.bamid.gov.tw/News_Content.aspx?n=3539&s=239805
桑布伊,Sangpuy,男歌手,國內,第36屆金曲獎 最佳原住民語專輯獎；第36屆金曲獎 年度專輯獎；第36屆金曲獎 最佳原住民語歌手獎,,https://www.bamid.gov.tw/News_Content.aspx?n=3539&s=237430
戴曉君Sauljaljui,,女歌手,國內,第36屆金曲獎 最佳原住民語專輯獎；第36屆金曲獎 年度專輯獎；第36屆金曲獎 最佳原住民語歌手獎；第16屆金音 最佳專輯獎；第16屆金音 最佳創作歌手獎；第16屆金音 最佳樂手獎；第16屆金音 最佳民謠專輯獎；第16屆金音 最佳民謠歌曲獎,第16屆金音 最佳樂手獎；第16屆金音 最佳民謠專輯獎,https://www.bamid.gov.tw/News_Content.aspx?n=3483&s=245657；https://www.bamid.gov.tw/News_Content.aspx?n=3539&s=237430；https://www.bamid.gov.tw/News_Content.aspx?n=3548&s=243448
柏霖PoLin,,男歌手,國內,第36屆金曲獎 最佳華語男歌手獎,,https://www.bamid.gov.tw/News_Content.aspx?n=3539&s=237430
蕭煌奇,,男歌手,國內,第36屆金曲獎 最佳華語男歌手獎；第37屆金曲獎 最佳台語專輯獎；第37屆金曲獎 年度專輯獎；第37屆金曲獎 最佳台語男歌手獎,第37屆金曲獎 最佳台語專輯獎；第37屆金曲獎 年度專輯獎；第37屆金曲獎 最佳台語男歌手獎,https://www.bamid.gov.tw/News_Content.aspx?n=3483&s=257991；https://www.bamid.gov.tw/News_Content.aspx?n=3539&s=237430
李榮浩,,男歌手,國外,第36屆金曲獎 最佳華語男歌手獎,,https://www.bamid.gov.tw/News_Content.aspx?n=3539&s=237430
蔡健雅,Tanya Chua,女歌手,國外,第36屆金曲獎 最佳華語女歌手獎,,https://www.bamid.gov.tw/News_Content.aspx?n=3539&s=237430
戴佩妮,Penny Tai,女歌手,國外,第36屆金曲獎 最佳華語女歌手獎,,https://www.bamid.gov.tw/News_Content.aspx?n=3539&s=237430
陳忻玥,,女歌手,國內,第36屆金曲獎 最佳華語女歌手獎,,https://www.bamid.gov.tw/News_Content.aspx?n=3539&s=237430
Karencici,,女歌手,國外,第36屆金曲獎 最佳華語女歌手獎；第17屆金音 最佳另類流行專輯獎,,https://www.bamid.gov.tw/News_Content.aspx?n=3483&s=261897；https://www.bamid.gov.tw/News_Content.aspx?n=3539&s=237430
馬克SAVAGE.M,,男歌手,國內,第36屆金曲獎 最佳台語男歌手獎；第16屆金音 最佳嘻哈專輯獎,,https://www.bamid.gov.tw/News_Content.aspx?n=3539&s=237430；https://www.bamid.gov.tw/News_Content.aspx?n=3548&s=243448
蔡秋鳳,Carris Tsai,女歌手,國內,第36屆金曲獎 最佳台語女歌手獎,,https://www.bamid.gov.tw/News_Content.aspx?n=3539&s=237430
林美秀,,女歌手,國內,第36屆金曲獎 最佳台語女歌手獎,,https://www.bamid.gov.tw/News_Content.aspx?n=3539&s=237430
詹雅雯,,女歌手,國內,第36屆金曲獎 最佳台語女歌手獎,,https://www.bamid.gov.tw/News_Content.aspx?n=3539&s=237430
曾妮Dremedreman,,女歌手,國內,第36屆金曲獎 最佳原住民語歌手獎；第16屆金音 最佳新人獎,,https://www.bamid.gov.tw/News_Content.aspx?n=3539&s=237430；https://www.bamid.gov.tw/News_Content.aspx?n=3548&s=243448
無妄合作社,,團體,待確認,第36屆金曲獎 最佳樂團獎,,https://www.bamid.gov.tw/News_Content.aspx?n=3539&s=237430
JADE,,團體,國內,第36屆金曲獎 最佳樂團獎；第15屆金音 最佳搖滾歌曲獎,,https://www.bamid.gov.tw/News_Content.aspx?n=3539&s=237430；https://www.bamid.gov.tw/News_Content.aspx?n=3548&s=224381
TRASH,,團體,國內,第36屆金曲獎 最佳樂團獎；第15屆金音 最佳現場演出獎,第36屆金曲獎 最佳樂團獎,https://www.bamid.gov.tw/News_Content.aspx?n=3539&s=239805；https://www.bamid.gov.tw/News_Content.aspx?n=3548&s=224381
八十八顆芭樂籽,,團體,國內,第36屆金曲獎 最佳樂團獎；第16屆金音 最佳樂團獎；第16屆金音 最佳現場演出獎；第16屆金音 最佳搖滾專輯獎,,https://www.bamid.gov.tw/News_Content.aspx?n=3539&s=237430；https://www.bamid.gov.tw/News_Content.aspx?n=3548&s=243448
恐龍的皮,,團體,國內,第36屆金曲獎 最佳演唱組合獎；第16屆金音 最佳現場演出獎,,https://www.bamid.gov.tw/News_Content.aspx?n=3539&s=237430；https://www.bamid.gov.tw/News_Content.aspx?n=3548&s=243448
動力火車,,團體,國內,第36屆金曲獎 最佳演唱組合獎,第36屆金曲獎 最佳演唱組合獎,https://www.bamid.gov.tw/News_Content.aspx?n=3539&s=239805
珂拉琪,Collage,團體,國內,第36屆金曲獎 最佳演唱組合獎,,https://www.bamid.gov.tw/News_Content.aspx?n=3539&s=237430
丹丹猫猫,,團體,國內,第36屆金曲獎 最佳演唱組合獎,,https://www.bamid.gov.tw/News_Content.aspx?n=3539&s=237430
ATARASHII GAKKO!,,團體,國外,第36屆金曲獎 最佳演唱組合獎,,https://www.bamid.gov.tw/News_Content.aspx?n=3539&s=237430
SherryZ鄭雙雙,,女歌手,待確認,第36屆金曲獎 最佳新人獎；第16屆金音 最佳新人獎；第16屆金音 最佳節奏藍調專輯獎；第16屆金音 最佳節奏藍調歌曲獎,,https://www.bamid.gov.tw/News_Content.aspx?n=3539&s=237430；https://www.bamid.gov.tw/News_Content.aspx?n=3548&s=243448
someshiit山姆,,男歌手,國內,第36屆金曲獎 最佳新人獎；第16屆金音 最佳嘻哈專輯獎,第36屆金曲獎 最佳新人獎；第16屆金音 最佳嘻哈專輯獎,https://www.bamid.gov.tw/News_Content.aspx?n=3483&s=245657；https://www.bamid.gov.tw/News_Content.aspx?n=3539&s=239805
JUD陳泳希,,女歌手,國內,第36屆金曲獎 最佳新人獎,,https://www.bamid.gov.tw/News_Content.aspx?n=3539&s=237430
Andr,,女歌手,待確認,第36屆金曲獎 最佳新人獎；第16屆金音 最佳另類流行歌曲獎；第15屆金音 最佳新人獎,,https://www.bamid.gov.tw/News_Content.aspx?n=3539&s=237430；https://www.bamid.gov.tw/News_Content.aspx?n=3548&s=224381；https://www.bamid.gov.tw/News_Content.aspx?n=3548&s=243448
JOLIN蔡依林,,女歌手,國內,第37屆金曲獎 年度專輯獎；第37屆金曲獎 年度歌曲獎；第37屆金曲獎 最佳華語專輯獎；第37屆金曲獎 最佳華語女歌手獎,第37屆金曲獎 年度專輯獎；第37屆金曲獎 最佳華語女歌手獎,https://www.bamid.gov.tw/News_Content.aspx?n=3483&s=255247；https://www.bamid.gov.tw/News_Content.aspx?n=3483&s=257991
楊世暄,,男歌手,國內,第37屆金曲獎 年度歌曲獎；第17屆金音 最佳搖滾歌曲獎；第17屆金音 最佳民謠歌曲獎,,https://www.bamid.gov.tw/News_Content.aspx?n=3483&s=255247；https://www.bamid.gov.tw/News_Content.aspx?n=3483&s=261897
張震嶽,,男歌手,國內,第37屆金曲獎 年度歌曲獎；第37屆金曲獎 最佳華語專輯獎；第37屆金曲獎 年度專輯獎；第37屆金曲獎 最佳華語男歌手獎,第37屆金曲獎 最佳華語專輯獎；第37屆金曲獎 年度專輯獎；第37屆金曲獎 最佳華語男歌手獎,https://www.bamid.gov.tw/News_Content.aspx?n=3483&s=255247；https://www.bamid.gov.tw/News_Content.aspx?n=3483&s=257991
陳小霞,,女歌手,國內,第37屆金曲獎 年度歌曲獎；第37屆金曲獎 評審團獎,第37屆金曲獎 評審團獎,https://www.bamid.gov.tw/News_Content.aspx?n=3483&s=255247；https://www.bamid.gov.tw/News_Content.aspx?n=3483&s=257991
陳嫺靜,,女歌手,國內,第37屆金曲獎 年度歌曲獎；第37屆金曲獎 最佳華語女歌手獎；第37屆金曲獎 最佳新人獎；第17屆金音 最佳現場演出獎；第16屆金音 最佳專輯獎；第16屆金音 最佳新人獎；第16屆金音 最佳嘻哈專輯獎；第16屆金音 最佳嘻哈歌曲獎；第16屆金音 最佳節奏藍調歌曲獎；第16屆金音 最佳另類流行專輯獎；第16屆金音 最佳另類流行歌曲獎,第37屆金曲獎 最佳新人獎；第16屆金音 最佳新人獎；第16屆金音 最佳嘻哈歌曲獎；第16屆金音 最佳另類流行專輯獎,https://www.bamid.gov.tw/News_Content.aspx?n=3483&s=245657；https://www.bamid.gov.tw/News_Content.aspx?n=3483&s=255247；https://www.bamid.gov.tw/News_Content.aspx?n=3483&s=257991；https://www.bamid.gov.tw/News_Content.aspx?n=3483&s=261897；https://www.bamid.gov.tw/News_Content.aspx?n=3548&s=243448
A-Lin,,女歌手,國內,第37屆金曲獎 年度歌曲獎,第37屆金曲獎 年度歌曲獎,https://www.bamid.gov.tw/News_Content.aspx?n=3483&s=257991
頑童MJ116,,團體,國內,第37屆金曲獎 最佳華語專輯獎；第37屆金曲獎 年度專輯獎；第37屆金曲獎 最佳演唱組合獎,,https://www.bamid.gov.tw/News_Content.aspx?n=3483&s=255247
單依純,,女歌手,國外,第37屆金曲獎 最佳華語專輯獎；第37屆金曲獎 年度專輯獎；第37屆金曲獎 最佳華語女歌手獎,,https://www.bamid.gov.tw/News_Content.aspx?n=3483&s=255247
鄭宜農,,女歌手,國內,第37屆金曲獎 最佳台語專輯獎；第37屆金曲獎 年度專輯獎；第37屆金曲獎 最佳台語女歌手獎；第16屆金音 最佳專輯獎；第16屆金音 最佳創作歌手獎,,https://www.bamid.gov.tw/News_Content.aspx?n=3483&s=255247；https://www.bamid.gov.tw/News_Content.aspx?n=3548&s=243448
吳永吉,,男歌手,國內,第37屆金曲獎 最佳台語專輯獎；第37屆金曲獎 年度專輯獎；第37屆金曲獎 最佳台語男歌手獎,,https://www.bamid.gov.tw/News_Content.aspx?n=3483&s=255247
CJ MiT,,待確認,國內,第37屆金曲獎 最佳台語專輯獎；第37屆金曲獎 年度專輯獎；第37屆金曲獎 最佳台語男歌手獎；第37屆金曲獎 最佳新人獎,,https://www.bamid.gov.tw/News_Content.aspx?n=3483&s=255247
阿依.羅,,女歌手,國外,第37屆金曲獎 最佳客語專輯獎；第37屆金曲獎 年度專輯獎；第37屆金曲獎 最佳客語歌手獎,,https://www.bamid.gov.tw/News_Content.aspx?n=3483&s=255247
ana,,待確認,待確認,第37屆金曲獎 最佳客語專輯獎；第37屆金曲獎 年度專輯獎；第37屆金曲獎 最佳客語歌手獎；第17屆金音 最佳新人獎,,https://www.bamid.gov.tw/News_Content.aspx?n=3483&s=255247；https://www.bamid.gov.tw/News_Content.aspx?n=3483&s=261897
春麵樂隊,,團體,國內,第37屆金曲獎 最佳客語專輯獎；第37屆金曲獎 年度專輯獎；第37屆金曲獎 最佳客語歌手獎；第17屆金音 最佳民謠專輯獎,,https://www.bamid.gov.tw/News_Content.aspx?n=3483&s=255247；https://www.bamid.gov.tw/News_Content.aspx?n=3483&s=261897
陳以諾Sarah,,女歌手,國外,第37屆金曲獎 最佳客語專輯獎；第37屆金曲獎 年度專輯獎；第37屆金曲獎 最佳客語歌手獎；第37屆金曲獎 最佳新人獎,第37屆金曲獎 最佳客語歌手獎,https://www.bamid.gov.tw/News_Content.aspx?n=3483&s=255247；https://www.bamid.gov.tw/News_Content.aspx?n=3483&s=257991
黃宇寒,,待確認,國內,第37屆金曲獎 最佳客語專輯獎；第37屆金曲獎 年度專輯獎；第37屆金曲獎 最佳客語歌手獎,第37屆金曲獎 最佳客語專輯獎；第37屆金曲獎 年度專輯獎,https://www.bamid.gov.tw/News_Content.aspx?n=3483&s=255247；https://www.bamid.gov.tw/News_Content.aspx?n=3483&s=257991
漂流出口,,團體,國內,第37屆金曲獎 最佳原住民語專輯獎；第37屆金曲獎 年度專輯獎；第37屆金曲獎 最佳樂團獎；第17屆金音 最佳樂團獎；第17屆金音 最佳搖滾專輯獎,第37屆金曲獎 最佳原住民語專輯獎；第37屆金曲獎 年度專輯獎,https://www.bamid.gov.tw/News_Content.aspx?n=3483&s=255247；https://www.bamid.gov.tw/News_Content.aspx?n=3483&s=257991；https://www.bamid.gov.tw/News_Content.aspx?n=3483&s=261897
高金龍Lawis Aow,,男歌手,國內,第37屆金曲獎 最佳原住民語專輯獎；第37屆金曲獎 年度專輯獎；第37屆金曲獎 最佳原住民語歌手獎,,https://www.bamid.gov.tw/News_Content.aspx?n=3483&s=255247
Arase阿拉斯,,男歌手,國內,第37屆金曲獎 最佳原住民語專輯獎；第37屆金曲獎 年度專輯獎；第37屆金曲獎 最佳原住民語歌手獎,,https://www.bamid.gov.tw/News_Content.aspx?n=3483&s=255247
Suming舒米恩,,男歌手,國內,第37屆金曲獎 最佳原住民語專輯獎；第37屆金曲獎 年度專輯獎；第37屆金曲獎 最佳原住民語歌手獎,第37屆金曲獎 最佳原住民語歌手獎,https://www.bamid.gov.tw/News_Content.aspx?n=3483&s=255247；https://www.bamid.gov.tw/News_Content.aspx?n=3483&s=257991
Matzka,,男歌手,國內,第37屆金曲獎 最佳原住民語專輯獎；第37屆金曲獎 年度專輯獎；第37屆金曲獎 最佳原住民語歌手獎,,https://www.bamid.gov.tw/News_Content.aspx?n=3483&s=255247
鶴The Crane,,團體,待確認,第37屆金曲獎 年度專輯獎,,https://www.bamid.gov.tw/News_Content.aspx?n=3483&s=255247
落日飛車,Sunset Rollercoaster,團體,國內,第37屆金曲獎 年度專輯獎；第37屆金曲獎 最佳樂團獎；第17屆金音 最佳專輯獎；第17屆金音 最佳樂團獎；第17屆金音 最佳另類流行專輯獎；第17屆金音 最佳另類流行歌曲獎,第37屆金曲獎 最佳樂團獎,https://www.bamid.gov.tw/News_Content.aspx?n=3483&s=255247；https://www.bamid.gov.tw/News_Content.aspx?n=3483&s=257991；https://www.bamid.gov.tw/News_Content.aspx?n=3483&s=261897
周湯豪,,男歌手,國內,第37屆金曲獎 最佳華語男歌手獎,,https://www.bamid.gov.tw/News_Content.aspx?n=3483&s=255247
Gummy B,,待確認,待確認,第37屆金曲獎 最佳華語男歌手獎；第17屆金音 最佳現場演出獎；第15屆金音 最佳嘻哈專輯獎；第15屆金音 最佳嘻哈歌曲獎,第15屆金音 最佳嘻哈歌曲獎,https://www.bamid.gov.tw/News_Content.aspx?n=3483&s=255247；https://www.bamid.gov.tw/News_Content.aspx?n=3483&s=261897；https://www.bamid.gov.tw/News_Content.aspx?n=3548&s=224381；https://www.bamid.gov.tw/News_Content.aspx?n=3548&s=226493
彭佳慧,,女歌手,國內,第37屆金曲獎 最佳華語女歌手獎,,https://www.bamid.gov.tw/News_Content.aspx?n=3483&s=255247
劉艾立,,女歌手,待確認,第37屆金曲獎 最佳華語女歌手獎,,https://www.bamid.gov.tw/News_Content.aspx?n=3483&s=255247
曾瑋中,,男歌手,國內,第37屆金曲獎 最佳台語男歌手獎,,https://www.bamid.gov.tw/News_Content.aspx?n=3483&s=255247
周自從,Since Chou,男歌手,國內,第37屆金曲獎 最佳台語男歌手獎,,https://www.bamid.gov.tw/News_Content.aspx?n=3483&s=255247
陳怡婷,,女歌手,國內,第37屆金曲獎 最佳台語女歌手獎,,https://www.bamid.gov.tw/News_Content.aspx?n=3483&s=255247
秀蘭瑪雅,,女歌手,國內,第37屆金曲獎 最佳台語女歌手獎,,https://www.bamid.gov.tw/News_Content.aspx?n=3483&s=255247
白冰冰,,女歌手,國內,第37屆金曲獎 最佳台語女歌手獎,,https://www.bamid.gov.tw/News_Content.aspx?n=3483&s=255247
PiA吳蓓雅,,女歌手,國內,第37屆金曲獎 最佳台語女歌手獎,第37屆金曲獎 最佳台語女歌手獎,https://www.bamid.gov.tw/News_Content.aspx?n=3483&s=257991
查勞．巴西瓦里,,待確認,國內,第37屆金曲獎 最佳原住民語歌手獎；第17屆金音 最佳民謠專輯獎,,https://www.bamid.gov.tw/News_Content.aspx?n=3483&s=255247；https://www.bamid.gov.tw/News_Content.aspx?n=3483&s=261897
icyball冰球樂團,,團體,國內,第37屆金曲獎 最佳樂團獎,,https://www.bamid.gov.tw/News_Content.aspx?n=3483&s=255247
老王樂隊,,團體,國內,第37屆金曲獎 最佳樂團獎；第17屆金音 最佳搖滾歌曲獎,,https://www.bamid.gov.tw/News_Content.aspx?n=3483&s=255247；https://www.bamid.gov.tw/News_Content.aspx?n=3483&s=261897
甜約翰Sweet John,,團體,國內,第37屆金曲獎 最佳樂團獎,,https://www.bamid.gov.tw/News_Content.aspx?n=3483&s=255247
Tizzy Bac,,團體,國內,第37屆金曲獎 最佳樂團獎,,https://www.bamid.gov.tw/News_Content.aspx?n=3483&s=255247
GENBLUE幻藍小熊,,團體,待確認,第37屆金曲獎 最佳演唱組合獎,第37屆金曲獎 最佳演唱組合獎,https://www.bamid.gov.tw/News_Content.aspx?n=3483&s=257991
凹與山,,團體,國內,第37屆金曲獎 最佳演唱組合獎,,https://www.bamid.gov.tw/News_Content.aspx?n=3483&s=255247
椅子樂團,,團體,國內,第37屆金曲獎 最佳演唱組合獎,,https://www.bamid.gov.tw/News_Content.aspx?n=3483&s=255247
Dac與鄭昭元ZAOYUAN,,團體,待確認,第37屆金曲獎 最佳演唱組合獎；第17屆金音 最佳節奏藍調專輯獎；第17屆金音 最佳節奏藍調歌曲獎,,https://www.bamid.gov.tw/News_Content.aspx?n=3483&s=255247；https://www.bamid.gov.tw/News_Content.aspx?n=3483&s=261897
高真TRU,,待確認,國內,第37屆金曲獎 最佳新人獎；第17屆金音 最佳新人獎,,https://www.bamid.gov.tw/News_Content.aspx?n=3483&s=255247；https://www.bamid.gov.tw/News_Content.aspx?n=3483&s=261897
163braces,,待確認,待確認,第37屆金曲獎 最佳新人獎,,https://www.bamid.gov.tw/News_Content.aspx?n=3483&s=255247
JOYCE就以斯,,待確認,國內,第37屆金曲獎 最佳新人獎,,https://www.bamid.gov.tw/News_Content.aspx?n=3483&s=255247
陳穎達四重奏,,團體,國內,第17屆金音 最佳專輯獎；第17屆金音 最佳爵士專輯獎；第17屆金音 最佳爵士歌曲獎,,https://www.bamid.gov.tw/News_Content.aspx?n=3483&s=261897
羊駝小姐,Miss Alpaca,女歌手,國內,第17屆金音 最佳專輯獎；第17屆金音 最佳創作歌手獎；第17屆金音 最佳新人獎；第17屆金音 最佳節奏藍調專輯獎；第17屆金音 最佳節奏藍調歌曲獎；第17屆金音 最佳另類流行歌曲獎,,https://www.bamid.gov.tw/News_Content.aspx?n=3483&s=261897
2CHANGE,,待確認,待確認,第17屆金音 最佳專輯獎；第17屆金音 最佳嘻哈專輯獎；第15屆金音 最佳嘻哈專輯獎,,https://www.bamid.gov.tw/News_Content.aspx?n=3483&s=261897；https://www.bamid.gov.tw/News_Content.aspx?n=3548&s=224381
羅妍婷,,待確認,待確認,第17屆金音 最佳專輯獎；第17屆金音 最佳創作歌手獎；第17屆金音 最佳爵士專輯獎；第17屆金音 最佳爵士歌曲獎,,https://www.bamid.gov.tw/News_Content.aspx?n=3483&s=261897
COLD DEW,,待確認,待確認,第17屆金音 最佳樂團獎,,https://www.bamid.gov.tw/News_Content.aspx?n=3483&s=261897
淺堤,Tiu Tiu,團體,國內,第17屆金音 最佳樂團獎,,https://www.bamid.gov.tw/News_Content.aspx?n=3483&s=261897
Mong Tong夢東,,團體,國內,第17屆金音 最佳樂團獎；第17屆金音 最佳現場演出獎,,https://www.bamid.gov.tw/News_Content.aspx?n=3483&s=261897
Robot Swing,,團體,國內,第17屆金音 最佳樂團獎；第17屆金音 最佳搖滾歌曲獎；第16屆金音 最佳樂團獎；第15屆金音 最佳現場演出獎；第15屆金音 最佳嘻哈歌曲獎,第16屆金音 最佳樂團獎；第15屆金音 最佳現場演出獎,https://www.bamid.gov.tw/News_Content.aspx?n=3483&s=245657；https://www.bamid.gov.tw/News_Content.aspx?n=3483&s=261897；https://www.bamid.gov.tw/News_Content.aspx?n=3548&s=224381；https://www.bamid.gov.tw/News_Content.aspx?n=3548&s=226493
馬尾,,待確認,待確認,第17屆金音 最佳新人獎,,https://www.bamid.gov.tw/News_Content.aspx?n=3483&s=261897
debloop,,待確認,待確認,第17屆金音 最佳新人獎,,https://www.bamid.gov.tw/News_Content.aspx?n=3483&s=261897
陳穎達,,待確認,待確認,第17屆金音 最佳樂手獎,,https://www.bamid.gov.tw/News_Content.aspx?n=3483&s=261897
林偉中,,待確認,待確認,第17屆金音 最佳樂手獎,,https://www.bamid.gov.tw/News_Content.aspx?n=3483&s=261897
蘇郁涵,,女歌手,國內,第17屆金音 最佳樂手獎；第17屆金音 最佳爵士專輯獎；第17屆金音 最佳爵士歌曲獎；第17屆金音 評審團獎；第15屆金音 最佳樂手獎；第15屆金音 最佳爵士歌曲獎,第17屆金音 評審團獎,https://www.bamid.gov.tw/News_Content.aspx?n=3483&s=261897；https://www.bamid.gov.tw/News_Content.aspx?n=3548&s=224381
王品心,,待確認,待確認,第17屆金音 最佳樂手獎；第17屆金音 最佳電音專輯獎；第17屆金音 最佳電音歌曲獎,,https://www.bamid.gov.tw/News_Content.aspx?n=3483&s=261897
葉俊麟,,待確認,待確認,第17屆金音 最佳樂手獎,,https://www.bamid.gov.tw/News_Content.aspx?n=3483&s=261897
Brandon Lin,,待確認,待確認,第17屆金音 最佳樂手獎,,https://www.bamid.gov.tw/News_Content.aspx?n=3483&s=261897
洪惟農,,待確認,待確認,第17屆金音 最佳樂手獎；第16屆金音 最佳樂手獎,,https://www.bamid.gov.tw/News_Content.aspx?n=3483&s=261897；https://www.bamid.gov.tw/News_Content.aspx?n=3548&s=243448
鄭宇泰,,待確認,待確認,第17屆金音 最佳樂手獎,,https://www.bamid.gov.tw/News_Content.aspx?n=3483&s=261897
Flowstrong,,待確認,待確認,第17屆金音 最佳現場演出獎；第17屆金音 最佳嘻哈專輯獎；第15屆金音 最佳新人獎；第15屆金音 最佳嘻哈歌曲獎,,https://www.bamid.gov.tw/News_Content.aspx?n=3483&s=261897；https://www.bamid.gov.tw/News_Content.aspx?n=3548&s=224381
That's My Shhh,,待確認,待確認,第17屆金音 最佳現場演出獎,,https://www.bamid.gov.tw/News_Content.aspx?n=3483&s=261897
聲子蟲,,待確認,待確認,第17屆金音 最佳現場演出獎,,https://www.bamid.gov.tw/News_Content.aspx?n=3483&s=261897
C.Holly,,待確認,待確認,第17屆金音 最佳現場演出獎,,https://www.bamid.gov.tw/News_Content.aspx?n=3483&s=261897
ena mori,,女歌手,國外,第17屆金音 亞洲創作音樂獎,,https://www.bamid.gov.tw/News_Content.aspx?n=3483&s=261897
KIKI,,待確認,待確認,第17屆金音 亞洲創作音樂獎,,https://www.bamid.gov.tw/News_Content.aspx?n=3483&s=261897
SHNTI,,待確認,待確認,第17屆金音 亞洲創作音樂獎,,https://www.bamid.gov.tw/News_Content.aspx?n=3483&s=261897
N.Y.P.D.南洋派對,,團體,待確認,第17屆金音 亞洲創作音樂獎,,https://www.bamid.gov.tw/News_Content.aspx?n=3483&s=261897
NAMDO CALLING,,待確認,待確認,第17屆金音 亞洲創作音樂獎,,https://www.bamid.gov.tw/News_Content.aspx?n=3483&s=261897
deca joins,,團體,國內,第17屆金音 最佳搖滾專輯獎；第15屆金音 最佳現場演出獎,,https://www.bamid.gov.tw/News_Content.aspx?n=3483&s=261897；https://www.bamid.gov.tw/News_Content.aspx?n=3548&s=224381
潑猴,,待確認,待確認,第17屆金音 最佳搖滾專輯獎,,https://www.bamid.gov.tw/News_Content.aspx?n=3483&s=261897
魚條,,待確認,待確認,第17屆金音 最佳搖滾專輯獎；第17屆金音 最佳搖滾歌曲獎,,https://www.bamid.gov.tw/News_Content.aspx?n=3483&s=261897
Acid Brain酸腦,,待確認,待確認,第17屆金音 最佳搖滾專輯獎,,https://www.bamid.gov.tw/News_Content.aspx?n=3483&s=261897
共振效應,,待確認,待確認,第17屆金音 最佳搖滾歌曲獎,,https://www.bamid.gov.tw/News_Content.aspx?n=3483&s=261897
一好．屴夯,,待確認,待確認,第17屆金音 最佳民謠專輯獎；第17屆金音 最佳民謠歌曲獎,,https://www.bamid.gov.tw/News_Content.aspx?n=3483&s=261897
雷擎,,待確認,待確認,第17屆金音 最佳民謠專輯獎,,https://www.bamid.gov.tw/News_Content.aspx?n=3483&s=261897
凹與山Our Shame,,團體,國內,第17屆金音 最佳民謠歌曲獎,,https://www.bamid.gov.tw/News_Content.aspx?n=3483&s=261897
邱舒,,女歌手,國內,第17屆金音 最佳民謠歌曲獎,,https://www.bamid.gov.tw/News_Content.aspx?n=3483&s=261897
Lizi栗子,,待確認,待確認,第17屆金音 最佳嘻哈專輯獎,,https://www.bamid.gov.tw/News_Content.aspx?n=3483&s=261897
蘇裔非,,待確認,待確認,第17屆金音 最佳嘻哈專輯獎,,https://www.bamid.gov.tw/News_Content.aspx?n=3483&s=261897
DCIV柯德維,,待確認,待確認,第17屆金音 最佳嘻哈專輯獎；第17屆金音 最佳嘻哈歌曲獎,,https://www.bamid.gov.tw/News_Content.aspx?n=3483&s=261897
方品融,,待確認,待確認,第17屆金音 最佳嘻哈歌曲獎,,https://www.bamid.gov.tw/News_Content.aspx?n=3483&s=261897
Miss Ko葛仲珊,,女歌手,國內,第17屆金音 最佳嘻哈歌曲獎,,https://www.bamid.gov.tw/News_Content.aspx?n=3483&s=261897
吳睿朋,,待確認,待確認,第17屆金音 最佳嘻哈歌曲獎,,https://www.bamid.gov.tw/News_Content.aspx?n=3483&s=261897
熊仔,,男歌手,國內,第17屆金音 最佳嘻哈歌曲獎,,https://www.bamid.gov.tw/News_Content.aspx?n=3483&s=261897
Cicada,,團體,國內,第17屆金音 最佳電音專輯獎,,https://www.bamid.gov.tw/News_Content.aspx?n=3483&s=261897
undep,,待確認,待確認,第17屆金音 最佳電音專輯獎；第17屆金音 最佳電音歌曲獎,,https://www.bamid.gov.tw/News_Content.aspx?n=3483&s=261897
PROD_CW,,待確認,待確認,第17屆金音 最佳電音專輯獎；第17屆金音 最佳電音歌曲獎,,https://www.bamid.gov.tw/News_Content.aspx?n=3483&s=261897
yyt,,待確認,待確認,第17屆金音 最佳電音歌曲獎,,https://www.bamid.gov.tw/News_Content.aspx?n=3483&s=261897
A.FLYT,,待確認,待確認,第17屆金音 最佳電音歌曲獎,,https://www.bamid.gov.tw/News_Content.aspx?n=3483&s=261897
TeacheRay,,待確認,待確認,第17屆金音 最佳爵士專輯獎,,https://www.bamid.gov.tw/News_Content.aspx?n=3483&s=261897
Falk Bonitz Rafique,,待確認,待確認,第17屆金音 最佳爵士專輯獎；第17屆金音 最佳爵士歌曲獎,,https://www.bamid.gov.tw/News_Content.aspx?n=3483&s=261897
楊易修,,待確認,待確認,第17屆金音 最佳爵士歌曲獎；第17屆金音 最佳另類流行專輯獎,,https://www.bamid.gov.tw/News_Content.aspx?n=3483&s=261897
ERIKA劉艾立,,待確認,待確認,第17屆金音 最佳節奏藍調專輯獎,,https://www.bamid.gov.tw/News_Content.aspx?n=3483&s=261897
BRADD,,待確認,待確認,第17屆金音 最佳節奏藍調專輯獎；第17屆金音 最佳節奏藍調歌曲獎；第16屆金音 最佳節奏藍調專輯獎；第16屆金音 最佳另類流行歌曲獎,,https://www.bamid.gov.tw/News_Content.aspx?n=3483&s=261897；https://www.bamid.gov.tw/News_Content.aspx?n=3548&s=243448
雲端司機,,待確認,待確認,第17屆金音 最佳節奏藍調歌曲獎；第17屆金音 最佳另類流行專輯獎,,https://www.bamid.gov.tw/News_Content.aspx?n=3483&s=261897
Haezee黃瑋昕,,待確認,待確認,第17屆金音 最佳節奏藍調歌曲獎,,https://www.bamid.gov.tw/News_Content.aspx?n=3483&s=261897
NIO,,待確認,待確認,第17屆金音 最佳另類流行專輯獎,,https://www.bamid.gov.tw/News_Content.aspx?n=3483&s=261897
鐘奕安,,待確認,待確認,第17屆金音 最佳另類流行歌曲獎,,https://www.bamid.gov.tw/News_Content.aspx?n=3483&s=261897
許哲珮,,女歌手,國內,第17屆金音 最佳另類流行歌曲獎,,https://www.bamid.gov.tw/News_Content.aspx?n=3483&s=261897
A_Root同根生,,待確認,待確認,第17屆金音 最佳另類流行歌曲獎,,https://www.bamid.gov.tw/News_Content.aspx?n=3483&s=261897
百合花,,團體,國內,第16屆金音 最佳專輯獎；第16屆金音 最佳樂團獎；第16屆金音 最佳搖滾專輯獎；第16屆金音 最佳搖滾歌曲獎；第16屆金音 最佳另類流行歌曲獎；第16屆金音 評審團獎；第15屆金音 最佳搖滾歌曲獎,第16屆金音 最佳專輯獎；第16屆金音 評審團獎,https://www.bamid.gov.tw/News_Content.aspx?n=3483&s=245657；https://www.bamid.gov.tw/News_Content.aspx?n=3548&s=224381；https://www.bamid.gov.tw/News_Content.aspx?n=3548&s=243448
FUTURE AFTER A SECOND,,待確認,待確認,第16屆金音 最佳樂團獎；第16屆金音 最佳搖滾專輯獎,第16屆金音 最佳搖滾專輯獎,https://www.bamid.gov.tw/News_Content.aspx?n=3483&s=245657；https://www.bamid.gov.tw/News_Content.aspx?n=3548&s=243448
貓膽汁,,待確認,待確認,第16屆金音 最佳樂團獎；第16屆金音 最佳搖滾歌曲獎,第16屆金音 最佳搖滾歌曲獎,https://www.bamid.gov.tw/News_Content.aspx?n=3483&s=245657；https://www.bamid.gov.tw/News_Content.aspx?n=3548&s=243448
當代電影大師,,團體,國內,第16屆金音 最佳樂團獎；第16屆金音 最佳現場演出獎；第16屆金音 最佳搖滾專輯獎；第16屆金音 最佳搖滾歌曲獎,第16屆金音 最佳現場演出獎,https://www.bamid.gov.tw/News_Content.aspx?n=3483&s=245657；https://www.bamid.gov.tw/News_Content.aspx?n=3548&s=243448
LÜCY,,待確認,待確認,第16屆金音 最佳創作歌手獎；第16屆金音 最佳另類流行專輯獎；第16屆金音 最佳另類流行歌曲獎,第16屆金音 最佳另類流行歌曲獎,https://www.bamid.gov.tw/News_Content.aspx?n=3483&s=245657；https://www.bamid.gov.tw/News_Content.aspx?n=3548&s=243448
林奕碩,,待確認,待確認,第16屆金音 最佳創作歌手獎,,https://www.bamid.gov.tw/News_Content.aspx?n=3548&s=243448
林以樂,,待確認,待確認,第16屆金音 最佳創作歌手獎；第16屆金音 最佳另類流行專輯獎,第16屆金音 最佳創作歌手獎,https://www.bamid.gov.tw/News_Content.aspx?n=3483&s=245657；https://www.bamid.gov.tw/News_Content.aspx?n=3548&s=243448
BRBP,,待確認,待確認,第16屆金音 最佳新人獎；第16屆金音 最佳另類流行專輯獎,,https://www.bamid.gov.tw/News_Content.aspx?n=3548&s=243448
FTK,,待確認,待確認,第16屆金音 最佳新人獎；第16屆金音 最佳電音專輯獎；第16屆金音 最佳電音歌曲獎,第16屆金音 最佳電音專輯獎；第16屆金音 最佳電音歌曲獎,https://www.bamid.gov.tw/News_Content.aspx?n=3483&s=245657；https://www.bamid.gov.tw/News_Content.aspx?n=3548&s=243448
Tickle Tickle癢癢,,待確認,待確認,第16屆金音 最佳新人獎,,https://www.bamid.gov.tw/News_Content.aspx?n=3548&s=243448
謝明諺,,男歌手,國內,第16屆金音 最佳樂手獎；第16屆金音 最佳爵士專輯獎；第15屆金音 最佳樂手獎；第15屆金音 最佳爵士專輯獎；第15屆金音 最佳爵士歌曲獎,第15屆金音 最佳爵士歌曲獎,https://www.bamid.gov.tw/News_Content.aspx?n=3548&s=224381；https://www.bamid.gov.tw/News_Content.aspx?n=3548&s=226493；https://www.bamid.gov.tw/News_Content.aspx?n=3548&s=243448
鍾錡,,待確認,待確認,第16屆金音 最佳樂手獎,,https://www.bamid.gov.tw/News_Content.aspx?n=3548&s=243448
吳政君,,待確認,待確認,第16屆金音 最佳樂手獎,第16屆金音 最佳樂手獎,https://www.bamid.gov.tw/News_Content.aspx?n=3483&s=245657
黃瑞豐,,待確認,待確認,第16屆金音 最佳樂手獎,第16屆金音 最佳樂手獎,https://www.bamid.gov.tw/News_Content.aspx?n=3483&s=245657
利惟庸,,待確認,待確認,第16屆金音 最佳樂手獎,,https://www.bamid.gov.tw/News_Content.aspx?n=3548&s=243448
鄭昭元,,待確認,待確認,第16屆金音 最佳樂手獎,,https://www.bamid.gov.tw/News_Content.aspx?n=3548&s=243448
Leo王,,男歌手,國內,第16屆金音 最佳現場演出獎,,https://www.bamid.gov.tw/News_Content.aspx?n=3548&s=243448
胖虎,,待確認,待確認,第16屆金音 最佳現場演出獎,,https://www.bamid.gov.tw/News_Content.aspx?n=3548&s=243448
Fat Hamster and KANG New,,待確認,國外,第16屆金音 亞洲創作音樂獎,,https://www.bamid.gov.tw/News_Content.aspx?n=3548&s=243448
Jacqui,,待確認,待確認,第16屆金音 亞洲創作音樂獎,,https://www.bamid.gov.tw/News_Content.aspx?n=3548&s=243448
Lomba Sihir,,待確認,待確認,第16屆金音 亞洲創作音樂獎,,https://www.bamid.gov.tw/News_Content.aspx?n=3548&s=243448
.Feast,,待確認,待確認,第16屆金音 亞洲創作音樂獎,,https://www.bamid.gov.tw/News_Content.aspx?n=3548&s=243448
ELLE SHIMADA,,待確認,待確認,第16屆金音 亞洲創作音樂獎,第16屆金音 亞洲創作音樂獎,https://www.bamid.gov.tw/News_Content.aspx?n=3483&s=245657
BEYOND CURE病入膏肓,,待確認,待確認,第16屆金音 最佳搖滾專輯獎,,https://www.bamid.gov.tw/News_Content.aspx?n=3548&s=243448
擊沈女孩DESTROYERS,,待確認,待確認,第16屆金音 最佳搖滾歌曲獎,,https://www.bamid.gov.tw/News_Content.aspx?n=3548&s=243448
倒車入庫,,待確認,待確認,第16屆金音 最佳搖滾歌曲獎,,https://www.bamid.gov.tw/News_Content.aspx?n=3548&s=243448
王若琳,Joanna Wang,女歌手,國內,第16屆金音 最佳搖滾歌曲獎；第15屆金音 最佳專輯獎；第15屆金音 最佳創作歌手獎；第15屆金音 最佳另類流行專輯獎；第15屆金音 最佳另類流行歌曲獎,第15屆金音 最佳創作歌手獎,https://www.bamid.gov.tw/News_Content.aspx?n=3548&s=224381；https://www.bamid.gov.tw/News_Content.aspx?n=3548&s=226493；https://www.bamid.gov.tw/News_Content.aspx?n=3548&s=243448
Sapud Kacaw撒部．噶照,,待確認,待確認,第16屆金音 最佳民謠專輯獎,,https://www.bamid.gov.tw/News_Content.aspx?n=3548&s=243448
Naa'u娜塢,,待確認,待確認,第16屆金音 最佳民謠專輯獎,,https://www.bamid.gov.tw/News_Content.aspx?n=3548&s=243448
柯智棠,,男歌手,國內,第16屆金音 最佳民謠歌曲獎,,https://www.bamid.gov.tw/News_Content.aspx?n=3548&s=243448
江孟薰,,待確認,待確認,第16屆金音 最佳民謠歌曲獎,第16屆金音 最佳民謠歌曲獎,https://www.bamid.gov.tw/News_Content.aspx?n=3483&s=245657
李英宏,,男歌手,國內,第16屆金音 最佳嘻哈專輯獎；第16屆金音 最佳嘻哈歌曲獎,,https://www.bamid.gov.tw/News_Content.aspx?n=3548&s=243448
楊舒雅,,待確認,待確認,第16屆金音 最佳嘻哈歌曲獎,,https://www.bamid.gov.tw/News_Content.aspx?n=3548&s=243448
KNOWTIS,,待確認,待確認,第16屆金音 最佳嘻哈歌曲獎,,https://www.bamid.gov.tw/News_Content.aspx?n=3548&s=243448
PUZZLEMAN,,待確認,待確認,第16屆金音 最佳嘻哈歌曲獎,,https://www.bamid.gov.tw/News_Content.aspx?n=3548&s=243448
CED,,待確認,待確認,第16屆金音 最佳嘻哈歌曲獎,,https://www.bamid.gov.tw/News_Content.aspx?n=3548&s=243448
Wring Out Laura,,待確認,待確認,第16屆金音 最佳電音專輯獎,,https://www.bamid.gov.tw/News_Content.aspx?n=3548&s=243448
KbN凱比鳥,,待確認,待確認,第16屆金音 最佳電音專輯獎,,https://www.bamid.gov.tw/News_Content.aspx?n=3548&s=243448
Oberka,,待確認,待確認,第16屆金音 最佳電音專輯獎；第16屆金音 最佳電音歌曲獎,,https://www.bamid.gov.tw/News_Content.aspx?n=3548&s=243448
B E N N,,待確認,待確認,第16屆金音 最佳電音歌曲獎,,https://www.bamid.gov.tw/News_Content.aspx?n=3548&s=243448
Sonia Calico,,待確認,待確認,第16屆金音 最佳電音歌曲獎,,https://www.bamid.gov.tw/News_Content.aspx?n=3548&s=243448
富愛子AIKO TOMI,,待確認,待確認,第16屆金音 最佳電音歌曲獎；第16屆金音 最佳另類流行專輯獎,,https://www.bamid.gov.tw/News_Content.aspx?n=3548&s=243448
Tracy Yang楊又臻,,女歌手,國內,第16屆金音 最佳爵士專輯獎；第16屆金音 最佳爵士歌曲獎,第16屆金音 最佳爵士專輯獎,https://www.bamid.gov.tw/News_Content.aspx?n=3483&s=245657；https://www.bamid.gov.tw/News_Content.aspx?n=3548&s=243448
Plutato,,待確認,待確認,第16屆金音 最佳爵士專輯獎；第16屆金音 最佳爵士歌曲獎；第15屆金音 最佳樂團獎；第15屆金音 最佳新人獎；第15屆金音 最佳爵士專輯獎,第16屆金音 最佳爵士歌曲獎；第15屆金音 最佳爵士專輯獎,https://www.bamid.gov.tw/News_Content.aspx?n=3483&s=245657；https://www.bamid.gov.tw/News_Content.aspx?n=3548&s=224381；https://www.bamid.gov.tw/News_Content.aspx?n=3548&s=226493；https://www.bamid.gov.tw/News_Content.aspx?n=3548&s=243448
陳子彰,,待確認,待確認,第16屆金音 最佳爵士專輯獎；第16屆金音 最佳爵士歌曲獎,,https://www.bamid.gov.tw/News_Content.aspx?n=3548&s=243448
古樂樂良春Kuljelje Ljamcun,,待確認,待確認,第16屆金音 最佳爵士歌曲獎,,https://www.bamid.gov.tw/News_Content.aspx?n=3548&s=243448
黃彥斌,,待確認,待確認,第16屆金音 最佳爵士歌曲獎,,https://www.bamid.gov.tw/News_Content.aspx?n=3548&s=243448
Yufu／陳郁夫,,待確認,待確認,第16屆金音 最佳節奏藍調專輯獎；第16屆金音 最佳節奏藍調歌曲獎,第16屆金音 最佳節奏藍調專輯獎,https://www.bamid.gov.tw/News_Content.aspx?n=3483&s=245657；https://www.bamid.gov.tw/News_Content.aspx?n=3548&s=243448
YELLOW黃宣,,男歌手,國內,第16屆金音 最佳節奏藍調歌曲獎；第16屆金音 最佳另類流行歌曲獎,,https://www.bamid.gov.tw/News_Content.aspx?n=3548&s=243448
阿跨面,,男歌手,國內,第15屆金音 最佳專輯獎；第15屆金音 最佳創作歌手獎；第15屆金音 最佳新人獎；第15屆金音 最佳嘻哈專輯獎；第15屆金音 最佳嘻哈歌曲獎,第15屆金音 最佳新人獎,https://www.bamid.gov.tw/News_Content.aspx?n=3548&s=224381；https://www.bamid.gov.tw/News_Content.aspx?n=3548&s=226493
傷心欲絕,,團體,國內,第15屆金音 最佳專輯獎；第15屆金音 最佳樂團獎；第15屆金音 最佳搖滾專輯獎；第15屆金音 最佳搖滾歌曲獎,,https://www.bamid.gov.tw/News_Content.aspx?n=3548&s=224381
拍謝少年,Sorry Youth,團體,國內,第15屆金音 最佳專輯獎；第15屆金音 最佳樂團獎；第15屆金音 最佳搖滾專輯獎,第15屆金音 最佳搖滾專輯獎,https://www.bamid.gov.tw/News_Content.aspx?n=3548&s=224381；https://www.bamid.gov.tw/News_Content.aspx?n=3548&s=226493
布萊梅,,團體,國內,第15屆金音 最佳專輯獎；第15屆金音 最佳樂團獎；第15屆金音 最佳搖滾歌曲獎；第15屆金音 最佳另類流行專輯獎；第15屆金音 最佳另類流行歌曲獎,第15屆金音 最佳專輯獎；第15屆金音 最佳搖滾歌曲獎,https://www.bamid.gov.tw/News_Content.aspx?n=3548&s=224381；https://www.bamid.gov.tw/News_Content.aspx?n=3548&s=226493
我是機車少女I'mdifficult,,團體,國內,第15屆金音 最佳樂團獎；第15屆金音 最佳另類流行專輯獎；第15屆金音 最佳另類流行歌曲獎,第15屆金音 最佳另類流行專輯獎,https://www.bamid.gov.tw/News_Content.aspx?n=3548&s=224381；https://www.bamid.gov.tw/News_Content.aspx?n=3548&s=226493
Dac,,待確認,待確認,第15屆金音 最佳創作歌手獎；第15屆金音 最佳現場演出獎；第15屆金音 最佳嘻哈專輯獎；第15屆金音 最佳節奏藍調歌曲獎；第15屆金音 最佳另類流行歌曲獎,,https://www.bamid.gov.tw/News_Content.aspx?n=3548&s=224381
劉暐,,待確認,待確認,第15屆金音 最佳創作歌手獎；第15屆金音 最佳民謠專輯獎；第15屆金音 最佳民謠歌曲獎；第15屆金音 評審團獎,第15屆金音 評審團獎,https://www.bamid.gov.tw/News_Content.aspx?n=3548&s=224381；https://www.bamid.gov.tw/News_Content.aspx?n=3548&s=226493
鄭敬儒,,待確認,待確認,第15屆金音 最佳創作歌手獎,,https://www.bamid.gov.tw/News_Content.aspx?n=3548&s=224381
鄭嘉富,,待確認,待確認,第15屆金音 最佳樂手獎,第15屆金音 最佳樂手獎,https://www.bamid.gov.tw/News_Content.aspx?n=3548&s=226493
李茂嵩,,待確認,待確認,第15屆金音 最佳樂手獎,第15屆金音 最佳樂手獎,https://www.bamid.gov.tw/News_Content.aspx?n=3548&s=226493
柯智豪Blaire Ko,,男歌手,國內,第15屆金音 最佳樂手獎；第15屆金音 最佳民謠專輯獎；第15屆金音 最佳民謠歌曲獎,,https://www.bamid.gov.tw/News_Content.aspx?n=3548&s=224381
潘子爵,,待確認,待確認,第15屆金音 最佳樂手獎,,https://www.bamid.gov.tw/News_Content.aspx?n=3548&s=224381
張凱婷,,女歌手,國內,第15屆金音 最佳樂手獎,,https://www.bamid.gov.tw/News_Content.aspx?n=3548&s=224381
簡聿民,,待確認,待確認,第15屆金音 最佳樂手獎,第15屆金音 最佳樂手獎,https://www.bamid.gov.tw/News_Content.aspx?n=3548&s=226493
MANDARK,,待確認,待確認,第15屆金音 最佳現場演出獎,,https://www.bamid.gov.tw/News_Content.aspx?n=3548&s=224381
假日貞操,,待確認,待確認,第15屆金音 亞洲創作音樂獎,,https://www.bamid.gov.tw/News_Content.aspx?n=3548&s=224381
黃業圓,,待確認,待確認,第15屆金音 亞洲創作音樂獎,,https://www.bamid.gov.tw/News_Content.aspx?n=3548&s=224381
LITE,,待確認,待確認,第15屆金音 亞洲創作音樂獎,,https://www.bamid.gov.tw/News_Content.aspx?n=3548&s=224381
Silica Gel,,團體,國外,第15屆金音 亞洲創作音樂獎,第15屆金音 亞洲創作音樂獎,https://www.bamid.gov.tw/News_Content.aspx?n=3548&s=226493
Age Factory,,待確認,待確認,第15屆金音 亞洲創作音樂獎,,https://www.bamid.gov.tw/News_Content.aspx?n=3548&s=224381
NaraBara,,待確認,待確認,第15屆金音 亞洲創作音樂獎,,https://www.bamid.gov.tw/News_Content.aspx?n=3548&s=224381
溫室雜草,,待確認,待確認,第15屆金音 最佳搖滾專輯獎,,https://www.bamid.gov.tw/News_Content.aspx?n=3548&s=224381
農村武裝青年,,團體,國內,第15屆金音 最佳民謠專輯獎；第15屆金音 最佳民謠歌曲獎,第15屆金音 最佳民謠歌曲獎,https://www.bamid.gov.tw/News_Content.aspx?n=3548&s=224381；https://www.bamid.gov.tw/News_Content.aspx?n=3548&s=226493
wannasleep,,待確認,待確認,第15屆金音 最佳嘻哈專輯獎；第15屆金音 最佳嘻哈歌曲獎,第15屆金音 最佳嘻哈歌曲獎,https://www.bamid.gov.tw/News_Content.aspx?n=3548&s=224381；https://www.bamid.gov.tw/News_Content.aspx?n=3548&s=226493
神經元,,待確認,待確認,第15屆金音 最佳嘻哈歌曲獎,,https://www.bamid.gov.tw/News_Content.aspx?n=3548&s=224381
Dizparity,,待確認,待確認,第15屆金音 最佳電音專輯獎；第15屆金音 最佳電音歌曲獎,,https://www.bamid.gov.tw/News_Content.aspx?n=3548&s=224381
呂紹淳,,待確認,待確認,第15屆金音 最佳電音專輯獎；第15屆金音 最佳電音歌曲獎,,https://www.bamid.gov.tw/News_Content.aspx?n=3548&s=224381
Freedom Beat,,待確認,待確認,第15屆金音 最佳電音專輯獎；第15屆金音 最佳電音歌曲獎,,https://www.bamid.gov.tw/News_Content.aspx?n=3548&s=224381
cheer,,待確認,待確認,第15屆金音 最佳電音專輯獎；第15屆金音 最佳電音歌曲獎,,https://www.bamid.gov.tw/News_Content.aspx?n=3548&s=224381
笑琴,,待確認,待確認,第15屆金音 最佳電音專輯獎；第15屆金音 最佳電音歌曲獎,第15屆金音 最佳電音專輯獎；第15屆金音 最佳電音歌曲獎,https://www.bamid.gov.tw/News_Content.aspx?n=3548&s=226493
幽法,,待確認,待確認,第15屆金音 最佳電音歌曲獎,,https://www.bamid.gov.tw/News_Content.aspx?n=3548&s=224381
魯千千,,待確認,待確認,第15屆金音 最佳爵士專輯獎；第15屆金音 最佳爵士歌曲獎,,https://www.bamid.gov.tw/News_Content.aspx?n=3548&s=224381
踢霹歐爵士大樂團,,團體,國內,第15屆金音 最佳爵士專輯獎,,https://www.bamid.gov.tw/News_Content.aspx?n=3548&s=224381
林煒翔／Roger Lin,,待確認,待確認,第15屆金音 最佳爵士歌曲獎,,https://www.bamid.gov.tw/News_Content.aspx?n=3548&s=224381
王思雅／Debby Wang,,待確認,待確認,第15屆金音 最佳爵士歌曲獎,,https://www.bamid.gov.tw/News_Content.aspx?n=3548&s=224381
LINION,,待確認,待確認,第15屆金音 最佳節奏藍調專輯獎,,https://www.bamid.gov.tw/News_Content.aspx?n=3548&s=224381
問題總部,,待確認,待確認,第15屆金音 最佳節奏藍調專輯獎；第15屆金音 最佳節奏藍調歌曲獎,第15屆金音 最佳節奏藍調專輯獎,https://www.bamid.gov.tw/News_Content.aspx?n=3548&s=224381；https://www.bamid.gov.tw/News_Content.aspx?n=3548&s=226493
SOPHY王嘉儀,,女歌手,國內,第15屆金音 最佳節奏藍調歌曲獎；第15屆金音 最佳另類流行專輯獎,,https://www.bamid.gov.tw/News_Content.aspx?n=3548&s=224381
ØZI,,男歌手,國內,第15屆金音 最佳節奏藍調歌曲獎,第15屆金音 最佳節奏藍調歌曲獎,https://www.bamid.gov.tw/News_Content.aspx?n=3548&s=226493
